order_id,customer_id,order_date,status,shipping_method,shipping_cost,order_subtotal,order_total,currency,payment_status
1,329,2025-01-10 22:56:05.176457,Completed,Overnight,18.22,2647.93,2666.15,USD,Paid
2,453,2024-03-04 15:33:50.177458,Pending,2-Day,22.84,294.02,316.86,USD,Paid
3,383,2024-09-23 21:25:45.177458,Completed,Ground,12.88,750.02,762.9,USD,Paid
4,519,2025-06-05 12:40:44.177458,Processing,Pickup,3.39,2742.39,2745.78,USD,Paid
5,198,2024-05-26 18:21:47.177458,Pending,2-Day,20.92,1748.15,1769.07,USD,Paid
6,370,2025-03-04 13:51:50.177458,Completed,2-Day,6.85,871.88,878.73,USD,Paid
7,127,2024-07-26 20:40:37.177458,Completed,Ground,6.05,1656.1,1662.15,USD,Paid
8,486,2024-07-01 17:26:22.177458,Completed,Overnight,8.61,2015.97,2024.58,USD,Paid
9,396,2025-02-23 11:46:37.177458,Processing,Ground,4.07,1518.29,1522.36,USD,Paid
10,663,2024-04-08 07:15:53.177458,Cancelled,2-Day,16.94,2110.35,2127.29,USD,Paid
11,21,2025-02-11 15:20:40.177458,Completed,Ground,11.85,1314.18,1326.03,USD,Pending
12,9,2025-07-01 15:29:52.177458,Processing,2-Day,6.31,2824.26,2830.57,USD,Paid
13,386,2025-01-05 15:39:59.177458,Processing,Overnight,11.47,964.66,976.13,USD,Paid
14,534,2025-04-04 22:04:33.177458,Processing,Pickup,14.61,2396.4,2411.01,USD,Paid
15,384,2025-11-06 20:26:39.177458,Returned,Overnight,7.46,2054.74,2062.2,USD,Paid
16,284,2025-07-26 21:31:42.177458,Pending,Overnight,21.54,5472.66,5494.2,USD,Paid
17,668,2025-02-19 15:10:46.177458,Completed,Overnight,4.71,2425.11,2429.82,USD,Paid
18,615,2024-06-03 06:19:08.177458,Cancelled,Pickup,16.51,3107.16,3123.67,USD,Pending
19,672,2023-12-18 09:58:24.177458,Completed,Pickup,24.94,877.23,902.17,USD,Paid
20,755,2025-02-21 23:49:42.177458,Completed,Ground,14.58,2344.65,2359.23,USD,Pending
21,731,2024-04-08 08:09:12.177458,Processing,2-Day,17.16,1924.68,1941.84,USD,Paid
22,688,2024-01-30 21:44:49.177458,Cancelled,Overnight,12.68,693.25,705.93,USD,Paid
23,186,2025-05-23 15:07:30.177458,Cancelled,Overnight,2.44,4288.7,4291.14,USD,Paid
24,573,2025-07-06 05:39:02.177458,Completed,2-Day,23.67,632.82,656.49,USD,Paid
25,364,2024-12-05 15:14:26.177458,Pending,2-Day,18.61,805.55,824.16,USD,Paid
26,340,2025-01-03 23:45:32.177458,Completed,Overnight,6.51,2531.01,2537.52,USD,Paid
27,482,2025-01-16 22:10:58.177458,Cancelled,Ground,21.66,434.39,456.05,USD,Paid
28,73,2024-03-26 17:56:22.177458,Cancelled,Pickup,22.24,314.41,336.65,USD,Paid
29,391,2024-06-20 10:42:20.177458,Cancelled,Overnight,10.33,1539.48,1549.81,USD,Paid
30,351,2025-06-13 10:04:00.177458,Returned,Pickup,24.68,3031.93,3056.61,USD,Paid
31,733,2024-08-03 09:51:12.177458,Processing,2-Day,19.47,2487.8,2507.27,USD,Paid
32,182,2024-07-03 02:57:26.177458,Completed,Overnight,15.86,1689.16,1705.02,USD,Paid
33,780,2025-11-09 22:36:33.177458,Processing,2-Day,14.41,218.7,233.11,USD,Paid
34,799,2025-06-04 21:14:35.177458,Completed,Ground,3.24,654.81,658.05,USD,Paid
35,440,2024-08-26 16:00:12.177458,Completed,Pickup,9.58,2721.11,2730.69,USD,Paid
36,383,2025-10-06 19:38:01.177458,Processing,Ground,22.3,770.65,792.95,USD,Pending
37,5,2024-05-20 08:07:45.177458,Pending,2-Day,5.66,887.62,893.28,USD,Paid
38,393,2024-11-27 03:42:18.177458,Processing,Overnight,4.18,2181.56,2185.74,USD,Paid
39,467,2025-09-29 04:12:39.177458,Cancelled,Overnight,10.84,551.03,561.87,USD,Paid
40,502,2023-12-12 10:11:48.177458,Processing,Overnight,18.75,1985.61,2004.36,USD,Paid
41,230,2025-05-30 00:22:51.177458,Pending,2-Day,5.28,3376.03,3381.31,USD,Pending
42,127,2025-10-22 17:35:52.178458,Completed,Overnight,17.78,1865.55,1883.33,USD,Paid
43,262,2025-10-07 01:24:27.178458,Cancelled,Ground,14.85,1161.55,1176.4,USD,Paid
44,21,2025-09-26 11:07:54.178458,Completed,Ground,17.24,2451.13,2468.37,USD,Paid
45,561,2024-09-13 22:53:27.178458,Completed,Overnight,11.86,1238.42,1250.28,USD,Pending
46,646,2025-06-11 07:35:10.178458,Completed,Ground,7.53,478.68,486.21,USD,Paid
47,277,2024-01-07 11:23:29.178458,Completed,2-Day,10.47,2118.57,2129.04,USD,Pending
48,121,2025-07-29 20:26:30.178458,Completed,Overnight,2.85,978.49,981.34,USD,Paid
49,205,2025-07-28 20:56:45.178458,Processing,Overnight,20.79,664.42,685.21,USD,Paid
50,303,2025-04-22 02:02:11.178458,Completed,2-Day,0.99,1035.76,1036.75,USD,Paid
51,493,2024-06-24 07:30:22.178458,Completed,Overnight,5.86,1643.04,1648.9,USD,Paid
52,588,2025-11-01 11:49:39.178458,Cancelled,Pickup,3.73,2189.58,2193.31,USD,Paid
53,741,2025-08-13 20:26:14.178458,Pending,Ground,22.62,1727.74,1750.36,USD,Paid
54,304,2024-01-25 06:39:06.178458,Completed,Overnight,11.61,794.76,806.37,USD,Paid
55,298,2025-08-04 08:42:26.178458,Cancelled,Overnight,20.04,1438.34,1458.38,USD,Paid
56,98,2024-12-28 23:33:28.178458,Completed,Ground,0.24,429.57,429.81,USD,Paid
57,367,2025-06-25 15:30:15.178458,Processing,Pickup,23.88,4741.46,4765.34,USD,Paid
58,351,2025-02-13 11:41:01.178458,Completed,2-Day,2.85,135.28,138.13,USD,Paid
59,395,2024-09-30 22:26:45.178458,Processing,Pickup,20.0,2175.0,2195.0,USD,Paid
60,713,2024-01-20 08:59:44.178458,Processing,Ground,24.54,112.57,137.11,USD,Paid
61,605,2025-06-04 11:17:31.178458,Completed,Pickup,20.06,1128.34,1148.4,USD,Pending
62,389,2023-12-20 23:06:54.178458,Processing,Overnight,15.28,2450.69,2465.97,USD,Paid
63,500,2023-12-15 10:18:39.178458,Completed,Ground,22.19,2789.12,2811.31,USD,Paid
64,671,2024-08-20 13:23:39.178458,Pending,Overnight,0.31,3701.07,3701.38,USD,Paid
65,591,2023-12-20 19:57:36.178458,Completed,2-Day,24.45,2021.41,2045.86,USD,Paid
66,705,2023-12-30 02:45:03.178458,Completed,Ground,10.82,2342.5,2353.32,USD,Paid
67,693,2025-03-04 21:31:17.178458,Processing,Pickup,3.72,746.83,750.55,USD,Paid
68,659,2024-04-21 16:45:09.178458,Pending,2-Day,12.64,2915.02,2927.66,USD,Paid
69,77,2024-07-21 21:00:54.178458,Cancelled,Pickup,8.02,2967.18,2975.2,USD,Paid
70,229,2024-12-11 04:56:26.178458,Pending,Pickup,10.08,3228.63,3238.71,USD,Paid
71,587,2025-03-19 12:11:52.178458,Completed,Pickup,2.2,2756.63,2758.83,USD,Paid
72,510,2024-06-21 22:47:26.178458,Processing,Ground,2.57,2656.46,2659.03,USD,Paid
73,1,2024-09-18 13:45:48.178458,Completed,Ground,19.79,2477.0,2496.79,USD,Pending
74,521,2024-02-19 15:51:21.178458,Processing,2-Day,16.36,2351.91,2368.27,USD,Paid
75,56,2024-08-04 02:39:28.178458,Completed,2-Day,21.11,96.13,117.24,USD,Paid
76,615,2024-12-09 18:40:24.178458,Completed,Pickup,17.92,1646.04,1663.96,USD,Paid
77,778,2024-11-06 22:35:30.178458,Processing,2-Day,0.05,1483.49,1483.54,USD,Paid
78,299,2024-11-15 15:59:49.178458,Returned,Overnight,17.55,1294.98,1312.53,USD,Paid
79,735,2025-09-29 09:05:28.178458,Completed,Pickup,2.67,1509.68,1512.35,USD,Paid
80,403,2024-02-28 07:56:05.178458,Processing,2-Day,11.43,1305.25,1316.68,USD,Pending
81,425,2025-05-03 02:45:51.178458,Processing,Ground,23.17,1109.88,1133.05,USD,Paid
82,462,2023-12-26 17:37:48.178458,Processing,Pickup,16.46,1538.95,1555.41,USD,Pending
83,5,2024-06-16 10:09:57.178458,Returned,Ground,13.83,829.06,842.89,USD,Paid
84,521,2024-08-27 17:45:52.178458,Completed,2-Day,17.3,2286.13,2303.43,USD,Pending
85,674,2025-05-21 10:23:37.178458,Processing,Overnight,12.6,974.86,987.46,USD,Paid
86,710,2024-10-16 23:49:29.178458,Returned,2-Day,6.84,2041.24,2048.08,USD,Paid
87,137,2024-11-28 04:21:27.178458,Completed,2-Day,10.32,750.1,760.42,USD,Paid
88,719,2023-11-28 20:24:57.178458,Processing,Overnight,17.8,408.75,426.55,USD,Paid
89,215,2024-04-26 16:02:11.178458,Processing,Overnight,17.17,153.89,171.06,USD,Paid
90,666,2023-12-27 10:14:15.178458,Returned,2-Day,12.6,676.35,688.95,USD,Paid
91,119,2023-12-04 15:52:48.178458,Processing,Overnight,14.06,1739.75,1753.81,USD,Paid
92,728,2024-03-27 18:17:30.178458,Cancelled,Pickup,16.86,2227.18,2244.04,USD,Paid
93,433,2024-05-17 04:39:27.178458,Cancelled,Ground,13.07,2701.1,2714.17,USD,Paid
94,687,2025-10-20 01:12:03.178458,Processing,Ground,5.0,2051.94,2056.94,USD,Paid
95,150,2025-06-03 04:37:57.178458,Completed,Ground,17.26,2515.08,2532.34,USD,Paid
96,34,2025-01-16 07:38:26.178458,Completed,Overnight,20.35,3377.91,3398.26,USD,Paid
97,758,2025-08-01 16:38:10.178458,Cancelled,2-Day,18.56,1988.98,2007.54,USD,Paid
98,713,2024-04-19 00:54:32.178458,Processing,Overnight,17.32,2528.6,2545.92,USD,Paid
99,702,2025-09-27 01:10:30.178458,Completed,Overnight,24.15,2306.72,2330.87,USD,Paid
100,208,2025-09-20 14:35:45.178458,Completed,Pickup,20.75,39.64,60.39,USD,Paid
101,603,2024-02-04 15:29:18.178458,Completed,2-Day,19.4,1655.05,1674.45,USD,Paid
102,700,2025-04-30 04:21:26.178458,Completed,Ground,4.67,746.11,750.78,USD,Pending
103,42,2025-05-20 20:21:34.178458,Processing,Pickup,6.98,940.0,946.98,USD,Paid
104,262,2025-02-17 10:19:56.178458,Processing,Ground,8.26,1258.65,1266.91,USD,Paid
105,331,2023-11-19 09:25:54.178458,Pending,Ground,19.34,865.09,884.43,USD,Paid
106,309,2024-02-12 16:39:15.178458,Completed,Pickup,19.75,106.06,125.81,USD,Paid
107,725,2024-04-30 02:01:50.179452,Pending,Overnight,13.13,46.59,59.72,USD,Paid
108,518,2025-05-09 20:06:48.179452,Pending,2-Day,10.4,2516.27,2526.67,USD,Paid
109,227,2024-05-14 00:22:48.179452,Pending,2-Day,16.58,225.7,242.28,USD,Paid
110,771,2024-12-10 01:55:54.179452,Processing,Pickup,24.92,1331.77,1356.69,USD,Paid
111,355,2024-01-20 14:44:51.179452,Processing,Pickup,6.01,1251.22,1257.23,USD,Paid
112,250,2024-01-26 16:43:25.179452,Cancelled,Ground,17.06,1494.71,1511.77,USD,Paid
113,117,2024-12-21 01:10:57.179452,Cancelled,Pickup,6.41,328.37,334.78,USD,Paid
114,789,2025-01-29 14:10:06.179452,Cancelled,Overnight,12.86,2660.5,2673.36,USD,Paid
115,304,2024-06-11 22:50:44.179452,Completed,2-Day,8.01,2159.93,2167.94,USD,Paid
116,792,2025-08-22 11:34:27.179452,Processing,Ground,15.67,997.73,1013.4,USD,Paid
117,702,2025-04-12 16:08:53.179452,Completed,Pickup,20.89,1084.21,1105.1,USD,Paid
118,760,2025-04-17 19:29:20.179452,Completed,Pickup,16.16,120.84,137.0,USD,Paid
119,735,2025-09-02 09:28:12.179452,Pending,Overnight,0.95,1728.52,1729.47,USD,Paid
120,258,2025-08-31 13:05:31.179452,Processing,Ground,14.37,2224.58,2238.95,USD,Paid
121,462,2025-03-26 05:39:03.179452,Completed,Pickup,10.83,401.19,412.02,USD,Paid
122,548,2025-10-28 00:53:12.179452,Completed,Ground,16.04,1710.07,1726.11,USD,Paid
123,600,2024-02-20 12:45:56.179452,Completed,Ground,17.52,2767.33,2784.85,USD,Paid
124,109,2025-09-01 02:02:40.179452,Cancelled,Overnight,19.67,3711.95,3731.62,USD,Paid
125,784,2025-01-09 16:59:01.179452,Pending,Pickup,9.54,483.63,493.17,USD,Paid
126,547,2024-01-08 13:56:45.179452,Completed,2-Day,3.41,1317.81,1321.22,USD,Paid
127,650,2024-10-09 19:11:55.179452,Processing,2-Day,7.45,1021.64,1029.09,USD,Paid
128,12,2024-01-21 01:28:58.179452,Returned,2-Day,3.08,1229.65,1232.73,USD,Paid
129,551,2025-11-08 18:12:57.179452,Completed,Ground,7.62,2176.03,2183.65,USD,Paid
130,662,2024-11-27 07:21:32.179452,Completed,2-Day,4.02,2407.29,2411.31,USD,Paid
131,199,2025-04-01 16:36:28.179452,Completed,Ground,4.53,243.28,247.81,USD,Paid
132,563,2024-04-13 13:05:16.179452,Cancelled,Pickup,16.12,2153.51,2169.63,USD,Pending
133,257,2025-09-01 04:29:08.179452,Completed,Ground,4.94,3145.75,3150.69,USD,Paid
134,366,2024-03-29 21:19:47.179452,Returned,2-Day,16.78,1566.31,1583.09,USD,Paid
135,72,2025-03-19 11:25:31.179452,Processing,2-Day,7.94,3537.33,3545.27,USD,Paid
136,314,2024-08-10 03:06:48.179452,Completed,2-Day,14.14,2786.87,2801.01,USD,Paid
137,173,2024-11-06 03:33:02.179452,Returned,Ground,7.83,2866.53,2874.36,USD,Paid
138,369,2025-04-01 15:44:09.179452,Completed,2-Day,16.99,786.68,803.67,USD,Paid
139,368,2024-12-09 21:35:36.179452,Completed,Overnight,12.17,3687.26,3699.43,USD,Paid
140,84,2025-07-26 08:40:06.179452,Completed,Overnight,21.47,213.41,234.88,USD,Paid
141,752,2025-06-23 19:27:27.179452,Processing,Ground,18.19,1136.99,1155.18,USD,Paid
142,596,2025-10-25 20:36:08.179452,Completed,Pickup,19.23,3077.99,3097.22,USD,Paid
143,557,2025-04-11 13:44:00.179452,Completed,Pickup,16.35,3068.5,3084.85,USD,Paid
144,791,2025-06-15 01:44:56.179452,Completed,Overnight,3.35,3157.86,3161.21,USD,Paid
145,373,2024-06-18 20:29:04.179452,Pending,Ground,16.57,1378.03,1394.6,USD,Paid
146,144,2024-02-25 09:01:47.179452,Completed,Pickup,3.98,829.21,833.19,USD,Paid
147,150,2024-04-13 18:28:02.179452,Completed,Pickup,23.48,2499.6,2523.08,USD,Paid
148,238,2025-10-04 07:06:03.179452,Completed,Ground,6.61,3246.24,3252.85,USD,Paid
149,531,2025-03-20 13:30:34.179452,Completed,Overnight,9.7,949.31,959.01,USD,Paid
150,665,2024-08-06 13:22:38.179452,Pending,Overnight,2.58,3450.35,3452.93,USD,Pending
151,760,2024-05-29 16:00:02.179452,Completed,Overnight,14.47,3266.47,3280.94,USD,Paid
152,388,2024-04-10 08:44:18.179452,Completed,Overnight,14.69,1888.12,1902.81,USD,Paid
153,229,2025-08-26 20:15:24.179452,Processing,Pickup,8.82,1408.57,1417.39,USD,Paid
154,619,2024-11-25 21:20:31.179452,Completed,Ground,12.55,2092.91,2105.46,USD,Paid
155,79,2025-06-24 23:03:06.179452,Processing,Overnight,5.29,75.74,81.03,USD,Paid
156,735,2025-05-07 09:20:19.179452,Completed,Ground,16.53,1388.37,1404.9,USD,Paid
157,494,2024-09-16 03:02:41.179452,Completed,Pickup,11.98,1793.48,1805.46,USD,Paid
158,421,2024-03-20 09:11:50.179452,Completed,Ground,6.09,1241.71,1247.8,USD,Paid
159,138,2025-07-06 18:11:16.179452,Completed,Ground,22.27,911.77,934.04,USD,Paid
160,185,2025-06-17 13:01:56.179452,Processing,Pickup,14.98,1665.34,1680.32,USD,Paid
161,737,2024-04-15 15:51:10.179452,Pending,Overnight,23.68,2302.5,2326.18,USD,Pending
162,483,2025-04-06 22:42:47.179452,Completed,Pickup,4.26,838.08,842.34,USD,Paid
163,597,2024-09-19 17:11:31.179452,Processing,2-Day,15.58,3141.31,3156.89,USD,Paid
164,703,2024-06-09 05:26:13.179452,Processing,Overnight,23.06,1035.36,1058.42,USD,Paid
165,388,2024-03-13 17:33:54.179452,Pending,Pickup,3.31,867.24,870.55,USD,Paid
166,517,2025-10-29 07:42:02.179452,Completed,Pickup,20.66,269.43,290.09,USD,Paid
167,630,2024-03-04 11:33:42.179452,Processing,Ground,21.94,1004.39,1026.33,USD,Paid
168,96,2024-05-18 20:44:32.179452,Completed,Pickup,16.48,1258.07,1274.55,USD,Paid
169,794,2024-03-06 19:25:59.179452,Completed,Pickup,13.05,2880.94,2893.99,USD,Paid
170,440,2024-10-31 13:29:11.179452,Completed,2-Day,23.46,171.07,194.53,USD,Paid
171,760,2024-07-09 01:11:15.179452,Completed,Ground,10.64,3388.06,3398.7,USD,Paid
172,86,2025-02-26 21:41:45.179452,Completed,Overnight,14.96,1022.55,1037.51,USD,Paid
173,6,2024-05-07 00:11:22.179452,Processing,Ground,14.45,758.46,772.91,USD,Paid
174,671,2025-07-16 20:08:38.179452,Pending,2-Day,17.19,1343.7,1360.89,USD,Paid
175,159,2024-12-26 00:10:56.179452,Completed,Pickup,16.29,746.43,762.72,USD,Paid
176,434,2025-02-28 05:33:15.179452,Cancelled,Overnight,15.3,411.77,427.07,USD,Pending
177,424,2023-12-19 00:35:49.180463,Completed,Pickup,4.47,150.56,155.03,USD,Paid
178,315,2024-04-20 18:51:51.180463,Completed,Overnight,19.35,4194.41,4213.76,USD,Paid
179,676,2024-10-03 10:02:28.180463,Cancelled,Ground,18.7,377.18,395.88,USD,Paid
180,521,2024-08-14 09:10:38.180463,Processing,Pickup,19.65,4164.89,4184.54,USD,Paid
181,724,2024-04-29 16:42:43.180463,Completed,Ground,4.02,2265.16,2269.18,USD,Paid
182,149,2024-02-02 14:52:31.180463,Completed,Pickup,23.15,156.63,179.78,USD,Paid
183,228,2024-08-26 11:51:32.180463,Pending,Overnight,2.0,948.59,950.59,USD,Paid
184,411,2025-10-07 01:04:30.180463,Cancelled,Overnight,17.79,1257.22,1275.01,USD,Paid
185,180,2024-03-13 12:58:33.180463,Cancelled,Pickup,10.97,2371.96,2382.93,USD,Paid
186,531,2025-04-21 15:09:05.180463,Cancelled,Overnight,4.87,1738.71,1743.58,USD,Paid
187,238,2024-03-10 20:28:46.180463,Completed,2-Day,16.85,667.22,684.07,USD,Paid
188,162,2024-11-11 06:21:25.180463,Completed,Ground,24.92,311.93,336.85,USD,Paid
189,416,2024-10-01 02:12:39.180463,Completed,2-Day,12.94,334.81,347.75,USD,Paid
190,563,2023-11-25 12:34:11.180463,Cancelled,Overnight,18.15,744.03,762.18,USD,Paid
191,284,2024-04-20 17:50:38.180463,Processing,2-Day,15.16,2554.25,2569.41,USD,Paid
192,589,2025-04-28 22:30:38.180463,Cancelled,Ground,6.53,746.65,753.18,USD,Paid
193,75,2024-09-23 20:38:11.180463,Processing,Overnight,8.5,1865.71,1874.21,USD,Paid
194,551,2025-07-17 20:22:47.180463,Returned,Overnight,17.35,3419.99,3437.34,USD,Paid
195,250,2024-10-23 18:33:49.180463,Completed,Overnight,24.03,1669.99,1694.02,USD,Paid
196,29,2024-08-01 22:17:37.180463,Cancelled,Pickup,2.91,1358.69,1361.6,USD,Paid
197,226,2025-09-06 01:08:07.180463,Completed,2-Day,20.0,2324.09,2344.09,USD,Paid
198,10,2024-09-18 02:12:43.180463,Completed,Overnight,6.21,3978.11,3984.32,USD,Paid
199,351,2025-08-11 00:32:36.180463,Completed,Ground,13.86,2607.63,2621.49,USD,Paid
200,224,2025-05-15 21:43:01.180463,Processing,Overnight,4.57,1702.31,1706.88,USD,Paid
201,205,2023-12-16 08:08:39.180463,Completed,2-Day,18.39,2505.3,2523.69,USD,Pending
202,256,2025-02-16 07:32:22.180463,Processing,Overnight,3.9,2614.74,2618.64,USD,Paid
203,693,2025-07-28 10:42:12.180463,Cancelled,Pickup,15.35,4846.61,4861.96,USD,Paid
204,381,2024-05-09 13:31:45.180463,Completed,Overnight,12.31,2146.1,2158.41,USD,Pending
205,783,2024-04-05 05:03:55.180463,Completed,Overnight,9.95,310.17,320.12,USD,Paid
206,434,2024-04-03 10:23:55.180463,Pending,Pickup,23.49,694.33,717.82,USD,Paid
207,703,2025-10-11 20:46:24.180463,Processing,2-Day,11.43,4699.1,4710.53,USD,Paid
208,706,2025-07-13 20:12:02.180463,Completed,Ground,0.3,947.64,947.94,USD,Paid
209,334,2025-04-13 01:15:12.180463,Completed,Overnight,15.32,4197.67,4212.99,USD,Pending
210,243,2025-02-22 08:15:14.180463,Completed,Overnight,11.78,165.13,176.91,USD,Paid
211,511,2024-02-26 02:34:34.180463,Completed,Pickup,5.26,2011.46,2016.72,USD,Pending
212,411,2023-11-28 01:30:45.180463,Completed,Overnight,11.27,5079.86,5091.13,USD,Paid
213,703,2024-04-08 10:17:36.180463,Returned,2-Day,20.35,3481.05,3501.4,USD,Paid
214,391,2025-02-11 06:28:57.180463,Completed,2-Day,3.65,591.16,594.81,USD,Paid
215,181,2025-06-13 21:50:49.180463,Completed,Pickup,12.49,1381.77,1394.26,USD,Paid
216,324,2024-02-07 20:14:39.180463,Completed,Pickup,7.5,4363.73,4371.23,USD,Paid
217,102,2024-04-17 18:23:37.180463,Pending,2-Day,1.5,721.04,722.54,USD,Paid
218,99,2025-02-26 21:43:04.180463,Completed,Pickup,18.61,1662.15,1680.76,USD,Paid
219,571,2025-02-21 01:55:32.180463,Completed,Overnight,8.6,3016.08,3024.68,USD,Paid
220,696,2024-09-19 10:39:14.180463,Completed,2-Day,14.42,2258.5,2272.92,USD,Paid
221,800,2024-01-18 15:26:02.180463,Completed,Overnight,8.88,2892.15,2901.03,USD,Paid
222,755,2023-12-25 20:29:00.180463,Completed,Pickup,22.24,360.99,383.23,USD,Paid
223,647,2024-10-19 16:43:30.180463,Processing,2-Day,21.71,467.7,489.41,USD,Paid
224,628,2024-01-29 02:47:02.180463,Completed,Pickup,21.22,1810.75,1831.97,USD,Paid
225,234,2025-09-02 12:11:15.180463,Processing,Overnight,7.92,2483.32,2491.24,USD,Paid
226,405,2025-01-20 05:19:46.180463,Completed,Overnight,22.19,2326.68,2348.87,USD,Paid
227,462,2024-11-07 17:41:56.180463,Completed,Pickup,4.18,331.3,335.48,USD,Paid
228,678,2025-10-22 10:30:55.180463,Completed,Overnight,23.51,1971.5,1995.01,USD,Paid
229,407,2023-11-28 12:09:10.180463,Processing,Ground,2.39,3603.73,3606.12,USD,Paid
230,790,2024-07-17 19:06:00.180463,Pending,Pickup,13.1,3459.18,3472.28,USD,Paid
231,160,2025-08-21 11:17:02.180463,Processing,Ground,16.37,1199.45,1215.82,USD,Paid
232,756,2024-10-11 03:48:15.180463,Processing,Overnight,11.08,1856.36,1867.44,USD,Paid
233,175,2025-07-08 10:17:18.180463,Completed,Ground,0.88,952.52,953.4,USD,Paid
234,479,2024-11-14 03:13:40.180463,Cancelled,Overnight,13.71,1760.78,1774.49,USD,Paid
235,612,2025-06-28 19:25:59.180463,Processing,Pickup,15.78,1190.83,1206.61,USD,Paid
236,656,2024-02-01 18:32:02.180463,Completed,Overnight,22.72,1006.11,1028.83,USD,Paid
237,92,2024-07-08 19:25:09.180463,Processing,Pickup,7.7,3177.9,3185.6,USD,Pending
238,11,2024-09-18 05:36:31.180463,Processing,Ground,13.08,2378.54,2391.62,USD,Pending
239,548,2025-06-28 02:32:51.180463,Processing,Ground,17.19,697.2,714.39,USD,Paid
240,785,2024-06-28 21:41:54.180463,Processing,Pickup,19.95,1726.33,1746.28,USD,Paid
241,562,2024-03-13 06:38:59.180463,Completed,Overnight,4.71,2695.24,2699.95,USD,Paid
242,168,2024-04-18 23:09:12.180463,Completed,Pickup,20.71,1278.49,1299.2,USD,Paid
243,641,2025-04-03 05:29:35.180463,Pending,2-Day,12.92,706.42,719.34,USD,Paid
244,761,2024-02-26 05:10:11.180463,Processing,Overnight,10.32,2420.64,2430.96,USD,Paid
245,114,2025-09-05 08:25:36.181463,Processing,Pickup,15.44,1215.23,1230.67,USD,Paid
246,329,2025-02-08 16:23:39.181463,Completed,Ground,3.8,4767.21,4771.01,USD,Paid
247,105,2024-05-16 14:15:44.181463,Processing,Overnight,6.73,1166.59,1173.32,USD,Paid
248,155,2024-08-23 14:46:09.181463,Processing,Ground,12.34,3289.42,3301.76,USD,Paid
249,511,2024-11-28 23:46:02.181463,Processing,Overnight,11.59,1455.02,1466.61,USD,Paid
250,769,2025-10-13 03:02:38.181463,Pending,2-Day,1.4,1632.29,1633.69,USD,Paid
251,186,2024-10-09 12:28:08.181463,Completed,2-Day,22.39,2289.13,2311.52,USD,Paid
252,125,2025-03-03 01:10:30.181463,Completed,2-Day,9.62,3015.23,3024.85,USD,Paid
253,35,2024-08-18 06:04:08.181463,Completed,2-Day,11.52,36.14,47.66,USD,Paid
254,214,2025-08-09 20:05:38.181463,Completed,Pickup,9.73,1652.67,1662.4,USD,Paid
255,746,2024-12-30 03:18:20.181463,Processing,Ground,18.62,2102.76,2121.38,USD,Paid
256,493,2024-04-30 20:06:06.181463,Processing,Overnight,4.97,1341.38,1346.35,USD,Paid
257,242,2025-09-22 07:08:19.181463,Returned,Pickup,8.11,1418.33,1426.44,USD,Pending
258,406,2025-05-27 05:00:56.181463,Completed,2-Day,0.22,802.46,802.68,USD,Paid
259,487,2025-10-01 17:54:42.181463,Completed,2-Day,9.28,3840.07,3849.35,USD,Paid
260,94,2025-08-15 06:00:44.181463,Processing,Overnight,23.27,1775.84,1799.11,USD,Pending
261,661,2024-02-13 12:52:53.181463,Pending,2-Day,17.53,1631.95,1649.48,USD,Paid
262,325,2025-07-28 10:29:12.181463,Completed,Overnight,20.14,1800.62,1820.76,USD,Paid
263,387,2024-08-22 08:02:32.181463,Pending,Overnight,18.11,1894.53,1912.64,USD,Paid
264,449,2025-03-03 13:37:49.181463,Completed,Overnight,13.57,258.47,272.04,USD,Pending
265,557,2024-07-01 08:09:30.181463,Completed,Overnight,8.09,3470.23,3478.32,USD,Paid
266,614,2024-07-23 05:02:37.181463,Cancelled,2-Day,1.72,2352.16,2353.88,USD,Paid
267,270,2025-06-08 22:42:23.181463,Processing,Overnight,11.35,1745.29,1756.64,USD,Paid
268,190,2024-01-30 20:38:48.181463,Completed,Ground,15.49,361.24,376.73,USD,Paid
269,739,2024-11-06 16:29:14.181463,Processing,Ground,16.46,1151.83,1168.29,USD,Paid
270,700,2024-05-12 00:57:35.181463,Processing,Pickup,19.14,3965.06,3984.2,USD,Paid
271,420,2025-06-09 16:44:52.181463,Processing,Overnight,2.76,287.92,290.68,USD,Paid
272,133,2024-05-27 15:04:42.181463,Pending,2-Day,21.84,323.5,345.34,USD,Paid
273,102,2025-04-22 11:10:13.181463,Completed,Ground,14.28,3290.83,3305.11,USD,Paid
274,639,2024-10-12 15:06:49.181463,Completed,Overnight,1.23,2945.68,2946.91,USD,Paid
275,14,2025-04-01 17:00:21.181463,Completed,2-Day,16.39,2602.18,2618.57,USD,Paid
276,63,2025-08-24 22:01:35.181463,Completed,Overnight,13.95,1690.25,1704.2,USD,Paid
277,60,2024-09-15 01:37:50.181463,Completed,Overnight,13.23,229.88,243.11,USD,Paid
278,222,2025-09-03 04:00:11.181463,Pending,Ground,2.53,3574.3,3576.83,USD,Paid
279,198,2025-03-22 19:42:39.181463,Completed,2-Day,14.25,85.78,100.03,USD,Paid
280,426,2025-05-14 18:44:11.181463,Completed,Ground,19.16,4303.62,4322.78,USD,Paid
281,720,2024-04-03 02:02:06.181463,Completed,Pickup,22.07,4429.77,4451.84,USD,Paid
282,517,2025-05-28 08:30:00.181463,Completed,Overnight,16.44,1350.83,1367.27,USD,Paid
283,361,2024-05-16 17:13:32.181463,Completed,Overnight,13.75,615.72,629.47,USD,Paid
284,649,2024-12-17 01:32:02.181463,Completed,Pickup,20.65,1739.26,1759.91,USD,Paid
285,559,2024-12-17 16:54:59.181463,Processing,2-Day,9.38,1268.54,1277.92,USD,Paid
286,464,2024-04-30 05:49:01.181463,Completed,Pickup,24.0,2584.51,2608.51,USD,Paid
287,611,2025-11-14 13:48:21.181463,Returned,Ground,12.94,2774.64,2787.58,USD,Paid
288,228,2025-01-09 14:49:44.181463,Processing,2-Day,21.39,1653.82,1675.21,USD,Paid
289,524,2025-10-23 05:01:14.181463,Cancelled,2-Day,2.36,2378.03,2380.39,USD,Paid
290,272,2024-07-31 02:07:08.181463,Processing,Overnight,22.24,2112.08,2134.32,USD,Paid
291,308,2025-03-04 06:35:05.181463,Processing,Ground,14.26,258.27,272.53,USD,Paid
292,741,2024-04-11 07:09:05.181463,Completed,Overnight,19.82,1850.3,1870.12,USD,Pending
293,707,2025-05-20 21:17:25.181463,Completed,Ground,14.88,1170.16,1185.04,USD,Paid
294,591,2025-01-11 13:42:26.181463,Completed,Pickup,1.96,866.81,868.77,USD,Paid
295,445,2025-09-18 02:53:35.181463,Processing,Pickup,23.26,1338.98,1362.24,USD,Paid
296,617,2025-07-14 06:48:48.181463,Completed,Ground,15.85,282.83,298.68,USD,Paid
297,537,2024-02-06 01:08:31.181463,Pending,Ground,7.98,1586.34,1594.32,USD,Paid
298,715,2024-04-15 09:37:19.181463,Processing,2-Day,3.83,880.13,883.96,USD,Paid
299,771,2023-12-26 00:45:49.181463,Returned,Ground,5.55,4276.56,4282.11,USD,Paid
300,345,2025-01-22 00:42:40.181463,Processing,Ground,11.9,1528.59,1540.49,USD,Paid
301,88,2025-09-24 19:06:37.181463,Completed,Pickup,12.55,2635.75,2648.3,USD,Paid
302,493,2023-12-01 10:19:16.181463,Completed,2-Day,12.2,1592.25,1604.45,USD,Paid
303,631,2024-01-16 18:15:59.181463,Processing,2-Day,6.06,1364.62,1370.68,USD,Paid
304,590,2025-02-14 23:24:35.181463,Processing,Ground,2.81,135.67,138.48,USD,Paid
305,196,2024-09-16 23:38:50.181463,Completed,Overnight,8.61,711.75,720.36,USD,Paid
306,174,2024-01-13 14:11:12.181463,Completed,Overnight,15.41,1889.37,1904.78,USD,Pending
307,46,2024-08-18 16:22:43.181463,Processing,2-Day,4.99,857.73,862.72,USD,Paid
308,88,2024-10-28 09:23:18.181463,Completed,Ground,18.49,427.08,445.57,USD,Paid
309,295,2025-03-10 16:27:28.181463,Cancelled,Ground,8.58,3130.92,3139.5,USD,Paid
310,24,2025-07-24 03:57:32.181463,Completed,Overnight,5.23,1520.89,1526.12,USD,Paid
311,536,2024-05-13 07:21:14.181463,Processing,Overnight,13.72,756.62,770.34,USD,Paid
312,685,2024-02-16 09:55:18.181463,Completed,Ground,9.42,3336.79,3346.21,USD,Paid
313,175,2024-01-04 19:53:16.181463,Pending,Ground,7.1,459.87,466.97,USD,Paid
314,477,2023-12-01 16:34:07.181463,Processing,Ground,1.66,2440.18,2441.84,USD,Paid
315,676,2024-01-08 05:11:23.181463,Completed,Overnight,21.61,336.63,358.24,USD,Pending
316,665,2025-10-26 04:25:07.181463,Cancelled,Pickup,5.78,1708.7,1714.48,USD,Paid
317,102,2024-10-20 20:33:09.181463,Returned,Overnight,12.12,711.02,723.14,USD,Paid
318,204,2024-03-12 19:42:52.181463,Pending,Pickup,14.02,973.14,987.16,USD,Paid
319,543,2023-11-16 14:17:08.181463,Pending,Overnight,8.34,874.5,882.84,USD,Paid
320,701,2024-10-08 09:21:06.181463,Pending,Overnight,8.88,2101.86,2110.74,USD,Paid
321,514,2025-01-09 06:28:05.181463,Returned,Overnight,20.3,640.66,660.96,USD,Paid
322,31,2024-02-13 05:41:10.181463,Cancelled,Overnight,5.64,2768.72,2774.36,USD,Paid
323,90,2024-11-30 00:45:53.181463,Completed,Pickup,13.02,1985.7,1998.72,USD,Paid
324,703,2023-12-20 16:46:10.181463,Cancelled,2-Day,10.43,1261.48,1271.91,USD,Paid
325,320,2024-04-07 09:30:23.181463,Completed,Overnight,11.23,46.21,57.44,USD,Paid
326,595,2025-07-03 07:32:24.181463,Completed,2-Day,21.56,2513.33,2534.89,USD,Paid
327,441,2025-01-01 19:59:48.181463,Cancelled,2-Day,16.41,1816.09,1832.5,USD,Paid
328,571,2024-04-15 09:18:49.181463,Processing,Ground,4.6,1223.96,1228.56,USD,Paid
329,424,2025-06-18 13:59:40.181463,Completed,Pickup,7.58,1704.57,1712.15,USD,Paid
330,193,2024-02-01 05:05:57.181463,Processing,Ground,3.29,2006.94,2010.23,USD,Paid
331,621,2025-10-18 16:47:11.181463,Completed,2-Day,14.91,768.38,783.29,USD,Paid
332,705,2025-03-23 14:07:06.181463,Completed,Pickup,3.35,2064.12,2067.47,USD,Paid
333,383,2024-03-04 22:00:03.182452,Completed,2-Day,21.3,2461.38,2482.68,USD,Paid
334,198,2024-06-28 21:48:56.182452,Processing,2-Day,0.81,4110.11,4110.92,USD,Paid
335,228,2025-10-30 05:14:34.182452,Returned,2-Day,18.94,1672.14,1691.08,USD,Paid
336,450,2025-09-08 08:37:15.182452,Cancelled,Pickup,17.2,1762.91,1780.11,USD,Paid
337,795,2024-08-03 06:04:58.182452,Completed,Ground,15.2,1265.95,1281.15,USD,Paid
338,761,2024-10-21 03:40:32.182452,Completed,Ground,13.02,1347.37,1360.39,USD,Paid
339,44,2024-08-08 22:25:58.182452,Completed,2-Day,12.97,5404.69,5417.66,USD,Paid
340,529,2024-10-05 13:38:20.182452,Completed,Ground,4.75,1890.72,1895.47,USD,Paid
341,793,2024-08-21 00:34:33.182452,Cancelled,Overnight,11.53,2372.55,2384.08,USD,Paid
342,56,2024-09-08 04:20:54.182452,Completed,2-Day,11.59,502.83,514.42,USD,Paid
343,513,2024-01-22 22:37:20.182452,Pending,Ground,4.49,1193.74,1198.23,USD,Paid
344,424,2024-03-24 19:10:26.182452,Processing,Overnight,11.27,1199.37,1210.64,USD,Paid
345,730,2025-05-14 22:33:00.182452,Completed,2-Day,22.06,2001.17,2023.23,USD,Paid
346,665,2025-08-14 05:57:46.182452,Processing,2-Day,17.96,1517.51,1535.47,USD,Paid
347,461,2025-07-11 11:44:52.182452,Processing,Overnight,2.13,3400.54,3402.67,USD,Paid
348,524,2023-11-21 01:05:01.182452,Completed,2-Day,9.47,2104.23,2113.7,USD,Pending
349,344,2024-10-21 13:28:10.182452,Completed,2-Day,4.05,502.14,506.19,USD,Paid
350,53,2025-06-19 08:33:20.182452,Completed,Pickup,7.7,608.48,616.18,USD,Paid
351,121,2024-08-15 04:33:13.182452,Completed,2-Day,24.01,1357.03,1381.04,USD,Paid
352,13,2025-11-10 16:24:04.182452,Completed,Pickup,12.44,1676.39,1688.83,USD,Paid
353,623,2024-06-21 19:16:47.182452,Completed,Pickup,5.95,93.43,99.38,USD,Paid
354,453,2024-03-21 21:44:52.182452,Completed,Ground,15.03,4647.33,4662.36,USD,Paid
355,285,2025-11-08 06:09:29.182452,Cancelled,2-Day,1.22,2442.92,2444.14,USD,Pending
356,38,2025-06-16 13:03:47.182452,Completed,2-Day,21.35,2693.95,2715.3,USD,Paid
357,306,2023-12-31 18:01:13.182452,Completed,Overnight,23.01,2636.73,2659.74,USD,Paid
358,183,2025-09-25 11:06:12.182452,Completed,2-Day,16.8,3541.03,3557.83,USD,Paid
359,576,2024-02-27 17:24:21.182452,Completed,2-Day,24.16,951.0,975.16,USD,Paid
360,96,2024-04-01 01:57:14.182452,Cancelled,Overnight,8.07,1863.96,1872.03,USD,Paid
361,564,2024-10-22 12:36:15.182452,Completed,Ground,7.32,497.01,504.33,USD,Paid
362,282,2025-06-30 10:37:31.182452,Completed,Overnight,13.18,548.64,561.82,USD,Paid
363,627,2024-05-26 07:25:40.182452,Completed,Ground,2.73,2868.56,2871.29,USD,Paid
364,496,2024-02-08 19:48:34.182452,Returned,Overnight,10.68,3955.32,3966.0,USD,Paid
365,639,2024-12-25 05:36:50.182452,Completed,Overnight,23.18,1375.02,1398.2,USD,Paid
366,747,2024-02-23 18:34:59.182452,Completed,Pickup,12.31,3546.71,3559.02,USD,Paid
367,298,2025-05-13 16:52:48.182452,Processing,2-Day,0.04,3435.59,3435.63,USD,Paid
368,121,2025-10-20 22:08:31.182452,Completed,2-Day,19.99,591.79,611.78,USD,Pending
369,359,2024-09-15 23:59:35.182452,Pending,2-Day,0.28,2861.17,2861.45,USD,Paid
370,70,2025-04-22 04:48:51.182452,Processing,Overnight,7.51,784.25,791.76,USD,Paid
371,117,2024-04-30 03:16:27.182452,Completed,Overnight,8.53,1992.07,2000.6,USD,Paid
372,180,2024-04-10 16:38:25.182452,Returned,2-Day,8.26,846.61,854.87,USD,Paid
373,37,2024-12-02 21:37:27.182452,Cancelled,2-Day,12.04,1400.82,1412.86,USD,Paid
374,550,2024-02-10 22:17:50.182452,Cancelled,Overnight,11.56,73.86,85.42,USD,Paid
375,307,2024-09-17 13:01:42.182452,Completed,Overnight,13.88,1684.71,1698.59,USD,Paid
376,340,2025-10-26 07:29:07.182452,Completed,Overnight,1.66,0.0,1.66,USD,Paid
377,348,2025-06-15 04:51:24.182452,Completed,Pickup,15.66,0.0,15.66,USD,Paid
378,192,2025-05-28 18:16:45.182452,Completed,Ground,21.61,0.0,21.61,USD,Paid
379,279,2025-01-03 03:37:02.182452,Completed,Pickup,2.17,0.0,2.17,USD,Pending
380,310,2025-03-16 01:32:20.182452,Completed,2-Day,13.13,0.0,13.13,USD,Paid
381,39,2025-05-19 10:58:54.182452,Completed,2-Day,22.83,0.0,22.83,USD,Paid
382,495,2024-08-16 20:38:43.182452,Pending,2-Day,4.76,0.0,4.76,USD,Paid
383,336,2024-07-06 20:00:12.182452,Processing,2-Day,19.24,0.0,19.24,USD,Paid
384,136,2025-08-05 20:16:32.182452,Completed,2-Day,18.11,0.0,18.11,USD,Paid
385,535,2024-08-01 00:57:23.182452,Completed,Ground,0.1,0.0,0.1,USD,Paid
386,342,2025-09-29 17:25:50.182452,Cancelled,Pickup,22.23,0.0,22.23,USD,Paid
387,764,2025-07-31 20:06:51.182452,Completed,Overnight,0.56,0.0,0.56,USD,Paid
388,329,2024-12-29 15:48:29.182452,Cancelled,2-Day,4.81,0.0,4.81,USD,Paid
389,452,2025-02-03 19:41:18.182452,Processing,Ground,6.82,0.0,6.82,USD,Paid
390,638,2025-06-06 05:06:18.182452,Processing,Ground,5.16,0.0,5.16,USD,Pending
391,145,2024-11-20 19:03:58.182452,Processing,Overnight,14.35,0.0,14.35,USD,Paid
392,347,2025-05-23 12:28:27.182452,Processing,Pickup,1.27,0.0,1.27,USD,Paid
393,52,2025-10-15 21:55:44.182452,Cancelled,Ground,9.59,0.0,9.59,USD,Paid
394,722,2025-08-17 23:32:27.182452,Completed,Pickup,15.41,0.0,15.41,USD,Paid
395,731,2024-12-30 02:58:05.182452,Completed,Ground,24.34,0.0,24.34,USD,Paid
396,716,2024-07-25 18:23:43.182452,Processing,Pickup,2.43,0.0,2.43,USD,Paid
397,477,2024-12-31 15:36:19.182452,Completed,Pickup,5.79,0.0,5.79,USD,Paid
398,632,2025-03-30 09:50:07.182452,Cancelled,Overnight,22.82,0.0,22.82,USD,Paid
399,682,2024-10-09 08:23:32.182452,Completed,Overnight,19.72,0.0,19.72,USD,Paid
400,67,2024-12-16 22:33:52.182452,Completed,Pickup,2.82,0.0,2.82,USD,Paid
401,290,2024-07-11 22:16:29.182452,Completed,Overnight,15.11,0.0,15.11,USD,Paid
402,732,2025-07-06 20:34:27.182452,Processing,Ground,8.15,0.0,8.15,USD,Paid
403,546,2024-01-19 12:29:08.182452,Completed,Pickup,10.02,0.0,10.02,USD,Paid
404,562,2024-09-17 06:22:54.182452,Completed,2-Day,24.35,0.0,24.35,USD,Paid
405,711,2024-10-17 12:39:46.182452,Processing,Pickup,19.61,0.0,19.61,USD,Paid
406,558,2024-08-25 18:24:59.182452,Completed,2-Day,4.33,0.0,4.33,USD,Paid
407,729,2023-12-30 12:13:55.182452,Completed,Pickup,2.86,0.0,2.86,USD,Paid
408,100,2024-03-13 22:12:50.182452,Processing,Pickup,4.4,0.0,4.4,USD,Paid
409,702,2024-09-25 12:32:01.182452,Completed,Pickup,8.19,0.0,8.19,USD,Paid
410,143,2024-01-24 12:49:46.182452,Pending,Ground,18.93,0.0,18.93,USD,Paid
411,299,2024-01-08 09:38:06.182452,Completed,Pickup,15.39,0.0,15.39,USD,Paid
412,325,2024-08-14 07:56:38.182452,Processing,Overnight,14.26,0.0,14.26,USD,Paid
413,446,2023-12-20 03:58:47.182452,Cancelled,Overnight,24.76,0.0,24.76,USD,Paid
414,523,2024-03-28 14:46:20.182452,Completed,Pickup,21.19,0.0,21.19,USD,Paid
415,563,2025-01-17 12:47:44.182452,Completed,Ground,0.02,0.0,0.02,USD,Paid
416,289,2024-04-20 01:59:18.182452,Processing,Ground,5.88,0.0,5.88,USD,Paid
417,326,2023-11-25 17:34:51.183454,Completed,Pickup,10.15,0.0,10.15,USD,Paid
418,178,2024-08-25 19:13:15.183454,Processing,Pickup,3.48,0.0,3.48,USD,Paid
419,369,2024-04-25 01:03:55.183454,Completed,Pickup,3.86,0.0,3.86,USD,Paid
420,74,2023-12-29 10:29:49.183454,Processing,Ground,3.6,0.0,3.6,USD,Paid
421,140,2024-07-03 15:06:49.183454,Completed,Ground,3.43,0.0,3.43,USD,Paid
422,713,2024-09-14 22:27:52.183454,Cancelled,Pickup,15.58,0.0,15.58,USD,Paid
423,461,2024-08-05 20:31:14.183454,Completed,Pickup,8.88,0.0,8.88,USD,Paid
424,592,2025-05-07 23:36:09.183454,Completed,Pickup,21.17,0.0,21.17,USD,Paid
425,560,2025-03-16 20:48:02.183454,Processing,Overnight,0.84,0.0,0.84,USD,Paid
426,378,2025-10-06 18:22:56.183454,Completed,Ground,14.51,0.0,14.51,USD,Pending
427,749,2023-12-08 12:09:10.183454,Processing,Overnight,11.62,0.0,11.62,USD,Paid
428,91,2025-08-25 20:00:47.183454,Cancelled,2-Day,11.81,0.0,11.81,USD,Paid
429,553,2024-01-05 12:13:30.183454,Completed,Overnight,15.33,0.0,15.33,USD,Paid
430,481,2024-11-27 19:35:17.183454,Completed,Pickup,12.82,0.0,12.82,USD,Paid
431,432,2024-07-21 18:10:14.183454,Completed,Overnight,24.01,0.0,24.01,USD,Paid
432,712,2025-01-17 04:32:17.183454,Processing,Overnight,18.17,0.0,18.17,USD,Paid
433,485,2024-04-16 05:35:08.183454,Pending,2-Day,14.32,0.0,14.32,USD,Paid
434,640,2024-01-12 04:26:44.183454,Completed,Ground,7.17,0.0,7.17,USD,Paid
435,285,2025-08-22 10:27:02.183454,Completed,Overnight,3.31,0.0,3.31,USD,Paid
436,15,2025-01-31 05:02:51.183454,Cancelled,Ground,15.1,0.0,15.1,USD,Paid
437,379,2024-03-19 09:33:55.183454,Completed,2-Day,6.53,0.0,6.53,USD,Paid
438,541,2023-11-28 06:28:06.183454,Completed,Ground,8.57,0.0,8.57,USD,Paid
439,158,2025-08-20 09:47:10.183454,Completed,Pickup,18.82,0.0,18.82,USD,Paid
440,451,2024-09-18 01:07:02.183454,Processing,2-Day,5.27,0.0,5.27,USD,Paid
441,774,2024-11-26 13:05:24.183454,Completed,Ground,1.31,0.0,1.31,USD,Paid
442,488,2024-07-27 00:33:00.183454,Completed,2-Day,9.5,0.0,9.5,USD,Paid
443,149,2023-11-23 00:51:57.183454,Completed,Pickup,0.3,0.0,0.3,USD,Paid
444,543,2024-08-12 01:09:34.183454,Completed,Ground,2.43,0.0,2.43,USD,Paid
445,443,2024-05-18 15:51:36.183454,Completed,Overnight,8.37,0.0,8.37,USD,Paid
446,599,2025-02-14 11:29:23.183454,Processing,Pickup,11.53,0.0,11.53,USD,Paid
447,603,2023-12-24 06:15:52.183454,Completed,2-Day,13.0,0.0,13.0,USD,Paid
448,11,2023-12-22 08:31:02.183454,Processing,Ground,20.79,0.0,20.79,USD,Paid
449,107,2025-11-02 00:05:41.183454,Pending,Pickup,8.79,0.0,8.79,USD,Paid
450,25,2025-01-28 05:53:48.183454,Processing,Ground,1.42,0.0,1.42,USD,Paid
451,223,2024-03-15 15:09:42.183454,Cancelled,Ground,17.7,0.0,17.7,USD,Paid
452,134,2025-07-15 11:55:22.183454,Cancelled,Pickup,16.41,0.0,16.41,USD,Paid
453,190,2024-01-20 18:27:29.183454,Completed,Ground,17.39,0.0,17.39,USD,Paid
454,78,2025-02-28 04:20:35.183454,Completed,Pickup,23.07,0.0,23.07,USD,Paid
455,684,2025-02-03 23:31:19.183454,Completed,Overnight,6.43,0.0,6.43,USD,Paid
456,392,2025-08-31 04:58:20.183454,Completed,Pickup,8.32,0.0,8.32,USD,Paid
457,272,2025-09-14 05:39:57.183454,Returned,2-Day,11.01,0.0,11.01,USD,Paid
458,183,2024-06-29 07:45:42.183454,Completed,Pickup,2.71,0.0,2.71,USD,Paid
459,659,2024-05-09 23:21:59.183454,Processing,Ground,22.82,0.0,22.82,USD,Paid
460,73,2025-02-22 11:18:26.183454,Pending,Overnight,19.43,0.0,19.43,USD,Paid
461,656,2025-10-25 20:56:50.183454,Processing,Ground,23.32,0.0,23.32,USD,Paid
462,717,2024-01-04 00:51:03.183454,Processing,Overnight,22.62,0.0,22.62,USD,Paid
463,790,2024-04-05 14:55:59.183454,Completed,Pickup,11.95,0.0,11.95,USD,Paid
464,4,2024-09-27 12:30:56.183454,Completed,Pickup,23.85,0.0,23.85,USD,Paid
465,368,2024-07-09 10:39:18.183454,Completed,Overnight,17.05,0.0,17.05,USD,Pending
466,663,2024-09-30 13:03:30.183454,Completed,Ground,9.13,0.0,9.13,USD,Paid
467,779,2024-12-01 12:08:19.183454,Completed,Overnight,16.19,0.0,16.19,USD,Pending
468,394,2025-05-17 18:52:48.183454,Pending,2-Day,7.47,0.0,7.47,USD,Paid
469,368,2024-10-11 11:10:50.183454,Completed,Pickup,2.12,0.0,2.12,USD,Pending
470,144,2024-02-05 23:07:17.183454,Completed,Ground,4.83,0.0,4.83,USD,Paid
471,65,2024-03-17 06:23:06.183454,Completed,Overnight,12.49,0.0,12.49,USD,Paid
472,58,2024-08-11 14:28:13.183454,Pending,Overnight,19.69,0.0,19.69,USD,Paid
473,670,2025-10-02 00:18:14.183454,Processing,Pickup,23.5,0.0,23.5,USD,Paid
474,239,2024-05-14 09:38:41.183454,Completed,Ground,0.92,0.0,0.92,USD,Paid
475,483,2025-06-22 21:16:04.183454,Completed,Ground,6.07,0.0,6.07,USD,Paid
476,648,2024-01-20 10:18:55.183454,Pending,Ground,22.62,0.0,22.62,USD,Paid
477,606,2025-08-06 22:27:31.183454,Completed,Ground,20.45,0.0,20.45,USD,Paid
478,631,2025-07-29 10:54:39.183454,Completed,2-Day,1.58,0.0,1.58,USD,Paid
479,756,2025-04-20 23:33:00.183454,Processing,Pickup,8.11,0.0,8.11,USD,Paid
480,330,2023-12-14 18:05:51.183454,Completed,2-Day,19.11,0.0,19.11,USD,Pending
481,124,2024-03-17 08:45:10.183454,Processing,Overnight,3.53,0.0,3.53,USD,Paid
482,567,2024-09-15 08:56:58.183454,Completed,2-Day,10.97,0.0,10.97,USD,Paid
483,648,2024-03-29 13:35:10.183454,Processing,Pickup,19.44,0.0,19.44,USD,Paid
484,8,2025-10-28 21:20:17.183454,Pending,2-Day,23.15,0.0,23.15,USD,Paid
485,291,2023-11-21 15:20:18.183454,Completed,Pickup,17.34,0.0,17.34,USD,Paid
486,656,2024-07-15 10:26:52.183454,Processing,Overnight,13.08,0.0,13.08,USD,Paid
487,626,2024-09-19 06:21:25.183454,Cancelled,Ground,14.91,0.0,14.91,USD,Paid
488,643,2024-06-20 16:47:02.183454,Returned,Overnight,8.7,0.0,8.7,USD,Paid
489,121,2025-11-09 18:45:44.183454,Processing,Ground,15.47,0.0,15.47,USD,Paid
490,789,2024-05-10 20:35:20.183454,Processing,2-Day,6.91,0.0,6.91,USD,Paid
491,702,2025-04-30 10:57:55.183454,Completed,Pickup,12.44,0.0,12.44,USD,Paid
492,373,2025-06-04 13:29:53.184457,Pending,Overnight,5.24,0.0,5.24,USD,Paid
493,777,2025-03-02 02:53:48.184457,Completed,Pickup,1.08,0.0,1.08,USD,Paid
494,30,2025-09-21 19:30:12.184457,Processing,Pickup,12.87,0.0,12.87,USD,Paid
495,607,2025-09-03 06:30:03.184457,Completed,Overnight,10.48,0.0,10.48,USD,Paid
496,113,2023-12-22 03:12:36.184457,Processing,Overnight,5.69,0.0,5.69,USD,Paid
497,385,2025-03-17 00:02:45.184457,Cancelled,2-Day,1.84,0.0,1.84,USD,Paid
498,447,2024-03-24 21:25:52.184457,Pending,2-Day,5.4,0.0,5.4,USD,Paid
499,383,2024-02-28 22:30:08.184457,Processing,2-Day,11.44,0.0,11.44,USD,Paid
500,277,2025-04-29 16:03:24.184457,Completed,2-Day,8.4,0.0,8.4,USD,Paid
501,140,2025-10-12 18:21:48.184457,Pending,Ground,21.29,0.0,21.29,USD,Paid
502,352,2024-08-01 23:50:27.184457,Processing,2-Day,22.16,0.0,22.16,USD,Paid
503,654,2024-03-06 09:21:34.184457,Completed,2-Day,14.45,0.0,14.45,USD,Paid
504,535,2024-04-27 06:42:17.184457,Pending,Pickup,21.55,0.0,21.55,USD,Paid
505,474,2025-04-06 17:31:45.184457,Completed,Overnight,0.36,0.0,0.36,USD,Paid
506,445,2024-09-02 06:05:15.184457,Processing,2-Day,22.3,0.0,22.3,USD,Paid
507,6,2024-03-19 09:38:39.184457,Cancelled,Pickup,24.5,0.0,24.5,USD,Paid
508,517,2025-10-03 21:55:55.184457,Completed,Ground,10.64,0.0,10.64,USD,Paid
509,714,2024-10-06 21:37:06.184457,Completed,Ground,11.31,0.0,11.31,USD,Paid
510,13,2025-03-13 12:02:34.184457,Completed,Pickup,23.75,0.0,23.75,USD,Paid
511,664,2025-07-02 02:01:08.184457,Processing,Ground,0.4,0.0,0.4,USD,Paid
512,471,2023-12-30 03:58:09.184457,Processing,Ground,24.41,0.0,24.41,USD,Paid
513,416,2024-07-28 10:01:15.184457,Cancelled,2-Day,19.75,0.0,19.75,USD,Paid
514,649,2024-10-30 16:14:47.184457,Completed,Ground,21.51,0.0,21.51,USD,Paid
515,341,2025-09-03 01:03:18.184457,Cancelled,Ground,7.41,0.0,7.41,USD,Paid
516,213,2025-02-10 16:46:03.184457,Completed,Ground,15.51,0.0,15.51,USD,Paid
517,691,2024-12-06 13:04:20.184457,Completed,Overnight,22.2,0.0,22.2,USD,Paid
518,634,2025-07-24 01:07:30.184457,Completed,Ground,9.14,0.0,9.14,USD,Paid
519,69,2025-05-18 15:28:07.184457,Completed,2-Day,3.46,0.0,3.46,USD,Paid
520,665,2024-12-07 06:22:46.184457,Completed,Pickup,18.43,0.0,18.43,USD,Paid
521,780,2024-03-30 07:25:46.184457,Completed,2-Day,8.01,0.0,8.01,USD,Paid
522,284,2025-02-13 20:44:01.184457,Completed,Ground,1.58,0.0,1.58,USD,Paid
523,540,2024-11-25 22:35:46.184457,Completed,Ground,11.75,0.0,11.75,USD,Paid
524,463,2024-05-18 19:40:02.184457,Cancelled,Overnight,20.0,0.0,20.0,USD,Paid
525,469,2023-12-06 12:40:43.184457,Processing,Ground,2.0,0.0,2.0,USD,Pending
526,79,2025-05-15 04:34:07.184457,Returned,Ground,4.12,0.0,4.12,USD,Paid
527,210,2025-07-23 09:40:52.184457,Completed,Ground,7.33,0.0,7.33,USD,Paid
528,486,2023-12-16 19:21:18.184457,Cancelled,Overnight,10.5,0.0,10.5,USD,Paid
529,65,2024-01-24 14:17:09.184457,Processing,Ground,21.79,0.0,21.79,USD,Paid
530,422,2025-03-21 20:08:57.184457,Completed,Overnight,16.39,0.0,16.39,USD,Paid
531,714,2024-12-14 21:22:04.184457,Completed,Pickup,11.45,0.0,11.45,USD,Paid
532,314,2024-04-13 10:15:49.184457,Cancelled,2-Day,19.73,0.0,19.73,USD,Paid
533,296,2025-03-26 21:26:14.184457,Completed,Ground,3.71,0.0,3.71,USD,Paid
534,634,2025-01-26 22:28:05.184457,Returned,2-Day,17.8,0.0,17.8,USD,Paid
535,726,2025-01-26 08:25:53.184457,Returned,2-Day,4.03,0.0,4.03,USD,Paid
536,589,2025-07-18 13:34:11.184457,Returned,2-Day,11.02,0.0,11.02,USD,Paid
537,725,2024-11-01 08:21:02.184457,Processing,Ground,16.64,0.0,16.64,USD,Paid
538,553,2024-11-27 09:40:53.184457,Completed,2-Day,13.34,0.0,13.34,USD,Paid
539,512,2025-07-13 14:09:38.184457,Completed,2-Day,23.69,0.0,23.69,USD,Paid
540,757,2024-12-22 09:23:10.184457,Pending,Overnight,16.18,0.0,16.18,USD,Pending
541,773,2025-01-15 21:48:48.184457,Cancelled,2-Day,19.99,0.0,19.99,USD,Paid
542,750,2024-08-19 02:44:12.184457,Completed,Pickup,22.5,0.0,22.5,USD,Paid
543,26,2025-06-24 19:00:29.184457,Processing,Pickup,15.44,0.0,15.44,USD,Pending
544,335,2025-04-02 22:49:50.184457,Completed,Ground,15.2,0.0,15.2,USD,Paid
545,786,2025-04-28 17:49:33.184457,Completed,Overnight,4.89,0.0,4.89,USD,Paid
546,694,2025-08-20 19:27:54.184457,Completed,Ground,24.4,0.0,24.4,USD,Paid
547,618,2024-10-07 07:59:18.184457,Completed,Ground,22.71,0.0,22.71,USD,Paid
548,438,2024-11-10 00:35:36.184457,Processing,Overnight,9.65,0.0,9.65,USD,Paid
549,316,2025-11-02 04:42:15.184457,Processing,Pickup,21.86,0.0,21.86,USD,Paid
550,455,2025-08-17 07:12:53.184457,Completed,Pickup,20.09,0.0,20.09,USD,Paid
551,435,2025-01-23 09:06:16.184457,Completed,Pickup,3.49,0.0,3.49,USD,Paid
552,213,2024-03-22 17:17:52.184457,Pending,Overnight,11.87,0.0,11.87,USD,Paid
553,605,2024-05-26 02:51:21.184457,Pending,Pickup,2.21,0.0,2.21,USD,Paid
554,425,2024-09-20 15:48:35.184457,Cancelled,2-Day,13.9,0.0,13.9,USD,Pending
555,141,2023-11-17 18:23:27.184457,Completed,2-Day,4.65,0.0,4.65,USD,Paid
556,44,2024-10-20 04:31:44.184457,Completed,Overnight,20.86,0.0,20.86,USD,Pending
557,475,2025-01-06 21:04:42.184457,Completed,2-Day,0.67,0.0,0.67,USD,Paid
558,656,2025-11-12 09:27:36.184457,Processing,Pickup,3.1,0.0,3.1,USD,Paid
559,504,2024-01-03 04:35:37.184457,Completed,2-Day,0.71,0.0,0.71,USD,Paid
560,69,2025-02-03 21:06:59.184457,Returned,Overnight,14.53,0.0,14.53,USD,Paid
561,644,2024-04-13 23:11:28.184457,Cancelled,Pickup,24.36,0.0,24.36,USD,Paid
562,590,2025-07-15 01:28:48.184457,Completed,Ground,21.13,0.0,21.13,USD,Paid
563,328,2025-05-31 17:53:26.184457,Pending,Pickup,21.96,0.0,21.96,USD,Paid
564,280,2025-06-29 02:03:21.184457,Processing,Overnight,10.49,0.0,10.49,USD,Paid
565,543,2024-11-15 13:17:39.185460,Processing,Ground,12.85,0.0,12.85,USD,Paid
566,614,2024-02-10 08:23:46.185460,Completed,2-Day,13.59,0.0,13.59,USD,Paid
567,715,2024-12-26 04:06:22.185460,Processing,Overnight,2.4,0.0,2.4,USD,Paid
568,14,2024-03-31 02:15:56.185460,Completed,2-Day,12.95,0.0,12.95,USD,Paid
569,167,2024-10-28 21:24:48.185460,Completed,Ground,5.45,0.0,5.45,USD,Paid
570,573,2024-06-17 07:01:03.185460,Completed,Ground,10.43,0.0,10.43,USD,Paid
571,18,2025-08-28 10:49:26.185460,Completed,Pickup,8.71,0.0,8.71,USD,Paid
572,453,2023-12-08 01:52:02.185460,Processing,Overnight,4.31,0.0,4.31,USD,Paid
573,122,2025-01-07 14:01:15.185460,Completed,2-Day,3.22,0.0,3.22,USD,Paid
574,315,2023-12-05 09:53:05.185460,Completed,2-Day,5.25,0.0,5.25,USD,Paid
575,115,2025-08-25 23:36:04.185460,Completed,Ground,0.47,0.0,0.47,USD,Paid
576,111,2024-07-06 23:22:00.185460,Pending,Ground,19.83,0.0,19.83,USD,Paid
577,122,2024-06-06 17:28:16.185460,Pending,Overnight,1.08,0.0,1.08,USD,Paid
578,127,2025-01-10 14:41:38.185460,Completed,2-Day,14.69,0.0,14.69,USD,Paid
579,30,2025-04-24 08:20:25.185460,Completed,Ground,3.64,0.0,3.64,USD,Paid
580,165,2025-02-02 17:57:35.185460,Processing,2-Day,12.62,0.0,12.62,USD,Paid
581,782,2025-09-06 11:27:35.185460,Completed,Ground,13.22,0.0,13.22,USD,Paid
582,773,2025-05-02 04:48:21.185460,Processing,Ground,24.34,0.0,24.34,USD,Paid
583,725,2025-08-05 07:16:33.185460,Cancelled,Pickup,9.16,0.0,9.16,USD,Paid
584,110,2024-03-21 08:19:40.185460,Completed,2-Day,20.87,0.0,20.87,USD,Paid
585,234,2024-10-21 23:37:38.185460,Processing,Pickup,2.82,0.0,2.82,USD,Paid
586,533,2024-12-28 10:34:02.185460,Completed,2-Day,12.4,0.0,12.4,USD,Paid
587,42,2024-11-10 04:34:20.185460,Completed,Ground,8.2,0.0,8.2,USD,Paid
588,615,2025-07-19 01:03:30.185460,Processing,Overnight,17.18,0.0,17.18,USD,Paid
589,298,2024-08-17 06:50:39.185460,Completed,Pickup,4.72,0.0,4.72,USD,Paid
590,377,2025-09-03 21:44:57.185460,Cancelled,2-Day,0.32,0.0,0.32,USD,Paid
591,406,2023-12-24 21:10:03.185460,Completed,Pickup,13.07,0.0,13.07,USD,Paid
592,405,2023-12-23 11:58:23.185460,Processing,Pickup,17.38,0.0,17.38,USD,Paid
593,204,2025-08-02 08:55:30.185460,Pending,Overnight,5.01,0.0,5.01,USD,Paid
594,435,2024-09-27 10:35:54.185460,Processing,Pickup,6.96,0.0,6.96,USD,Paid
595,775,2023-11-14 17:52:51.185460,Completed,Pickup,8.9,0.0,8.9,USD,Paid
596,497,2024-01-01 17:06:26.185460,Returned,Overnight,3.68,0.0,3.68,USD,Paid
597,502,2024-08-06 11:08:04.185460,Processing,Pickup,5.77,0.0,5.77,USD,Paid
598,55,2025-06-30 13:59:09.185460,Pending,Ground,12.45,0.0,12.45,USD,Paid
599,696,2025-10-18 08:32:50.185460,Completed,Overnight,3.82,0.0,3.82,USD,Pending
600,79,2024-02-16 16:22:36.185460,Pending,Pickup,19.82,0.0,19.82,USD,Paid
601,503,2025-04-22 04:22:47.186453,Completed,Overnight,13.56,0.0,13.56,USD,Paid
602,783,2024-05-09 19:09:58.186453,Pending,Ground,24.77,0.0,24.77,USD,Paid
603,386,2025-07-16 01:06:01.186453,Completed,Pickup,11.49,0.0,11.49,USD,Paid
604,799,2025-10-12 08:37:42.186453,Completed,Overnight,22.12,0.0,22.12,USD,Paid
605,320,2025-05-29 21:10:25.186453,Completed,Pickup,12.19,0.0,12.19,USD,Paid
606,676,2025-07-24 18:21:24.186453,Completed,Pickup,11.9,0.0,11.9,USD,Paid
607,270,2025-06-06 20:37:12.186453,Pending,Pickup,14.78,0.0,14.78,USD,Pending
608,785,2024-10-23 16:36:21.186453,Completed,Overnight,8.01,0.0,8.01,USD,Paid
609,376,2025-10-16 17:34:11.186453,Pending,Overnight,20.24,0.0,20.24,USD,Paid
610,641,2024-03-27 14:05:19.186453,Completed,Overnight,9.51,0.0,9.51,USD,Paid
611,422,2024-09-02 02:30:06.186453,Returned,Overnight,1.41,0.0,1.41,USD,Paid
612,320,2025-03-09 06:03:09.186453,Processing,Ground,22.76,0.0,22.76,USD,Pending
613,174,2025-09-08 03:57:59.186453,Processing,Ground,13.46,0.0,13.46,USD,Paid
614,433,2025-10-06 22:17:12.186453,Completed,Pickup,6.67,0.0,6.67,USD,Paid
615,325,2023-12-02 21:58:00.186453,Completed,Pickup,14.26,0.0,14.26,USD,Paid
616,501,2024-12-18 18:13:21.186453,Pending,Ground,17.27,0.0,17.27,USD,Paid
617,784,2025-04-18 02:50:09.186453,Completed,Overnight,4.17,0.0,4.17,USD,Paid
618,207,2025-01-12 01:50:22.186453,Returned,Pickup,15.89,0.0,15.89,USD,Paid
619,272,2025-08-28 19:33:32.186453,Processing,Ground,7.43,0.0,7.43,USD,Paid
620,640,2024-04-06 00:25:50.186453,Completed,Ground,17.94,0.0,17.94,USD,Paid
621,280,2024-04-01 11:37:08.186453,Completed,Ground,14.16,0.0,14.16,USD,Paid
622,356,2024-05-19 21:45:50.186453,Completed,Ground,16.29,0.0,16.29,USD,Paid
623,444,2025-01-08 20:41:40.186453,Completed,Overnight,5.0,0.0,5.0,USD,Paid
624,465,2024-09-29 05:55:11.186453,Completed,2-Day,22.02,0.0,22.02,USD,Paid
625,591,2024-02-10 20:16:22.186453,Cancelled,Pickup,5.32,0.0,5.32,USD,Paid
626,546,2024-07-24 05:18:46.186453,Cancelled,Pickup,23.37,0.0,23.37,USD,Paid
627,374,2024-02-12 12:53:16.186453,Completed,Pickup,3.69,0.0,3.69,USD,Paid
628,421,2025-06-13 04:08:07.186453,Completed,Overnight,21.5,0.0,21.5,USD,Paid
629,423,2025-09-09 15:59:14.186453,Processing,Overnight,20.59,0.0,20.59,USD,Paid
630,616,2024-01-23 09:13:16.186453,Processing,2-Day,10.15,0.0,10.15,USD,Paid
631,252,2025-07-21 09:36:29.186453,Processing,Overnight,11.6,0.0,11.6,USD,Paid
632,38,2024-04-19 23:11:20.186453,Completed,2-Day,3.98,0.0,3.98,USD,Paid
633,285,2025-06-28 14:00:25.186453,Processing,2-Day,16.11,0.0,16.11,USD,Paid
634,57,2025-10-01 21:22:44.186453,Completed,Ground,7.85,0.0,7.85,USD,Pending
635,417,2025-01-13 12:45:11.186453,Cancelled,Overnight,16.79,0.0,16.79,USD,Paid
636,742,2025-08-14 00:37:03.186453,Cancelled,2-Day,5.9,0.0,5.9,USD,Paid
637,535,2024-04-08 20:51:16.186453,Cancelled,Overnight,12.41,0.0,12.41,USD,Paid
638,792,2025-08-14 06:23:59.186453,Completed,Overnight,8.23,0.0,8.23,USD,Paid
639,762,2024-03-26 00:52:13.186453,Completed,2-Day,23.39,0.0,23.39,USD,Paid
640,220,2025-04-05 09:48:54.186453,Processing,Overnight,10.99,0.0,10.99,USD,Paid
641,547,2025-02-26 17:36:20.186453,Pending,Overnight,17.49,0.0,17.49,USD,Paid
642,487,2025-07-22 03:32:42.186453,Completed,2-Day,24.08,0.0,24.08,USD,Paid
643,377,2025-06-19 01:51:06.186453,Completed,Overnight,0.53,0.0,0.53,USD,Paid
644,679,2024-03-04 13:48:02.186453,Completed,Ground,17.27,0.0,17.27,USD,Paid
645,394,2023-12-28 06:20:30.186453,Processing,Overnight,15.97,0.0,15.97,USD,Paid
646,702,2023-11-28 01:51:24.186453,Cancelled,Ground,13.37,0.0,13.37,USD,Paid
647,403,2025-03-16 22:57:38.186453,Completed,Overnight,7.52,0.0,7.52,USD,Paid
648,165,2025-03-18 04:14:21.186453,Processing,Pickup,15.78,0.0,15.78,USD,Paid
649,281,2024-01-25 00:16:31.186453,Completed,Ground,20.58,0.0,20.58,USD,Paid
650,341,2024-06-28 21:54:58.186453,Completed,Pickup,21.92,0.0,21.92,USD,Paid
651,519,2025-08-04 09:13:48.186453,Completed,Ground,8.8,0.0,8.8,USD,Paid
652,465,2024-03-07 19:07:33.186453,Completed,Ground,19.05,0.0,19.05,USD,Pending
653,455,2024-01-27 15:42:30.186453,Processing,2-Day,0.08,0.0,0.08,USD,Paid
654,590,2025-04-23 16:11:32.186453,Processing,Ground,2.77,0.0,2.77,USD,Paid
655,787,2025-03-03 20:16:03.186453,Completed,2-Day,21.17,0.0,21.17,USD,Paid
656,328,2023-12-13 00:07:44.186453,Completed,Pickup,11.96,0.0,11.96,USD,Paid
657,608,2025-07-01 05:34:37.186453,Processing,Overnight,19.99,0.0,19.99,USD,Paid
658,187,2025-04-25 11:59:42.186453,Completed,Pickup,21.91,0.0,21.91,USD,Paid
659,24,2024-04-09 06:53:41.186453,Pending,2-Day,22.67,0.0,22.67,USD,Paid
660,173,2024-07-29 07:50:57.186453,Processing,Ground,10.03,0.0,10.03,USD,Paid
661,92,2024-08-31 17:12:30.186453,Processing,Overnight,4.25,0.0,4.25,USD,Pending
662,539,2024-04-13 10:47:43.186453,Pending,Pickup,19.33,0.0,19.33,USD,Paid
663,731,2024-08-06 21:04:35.186453,Processing,2-Day,4.76,0.0,4.76,USD,Paid
664,392,2025-02-15 04:35:01.186453,Completed,2-Day,10.78,0.0,10.78,USD,Paid
665,290,2025-04-16 17:13:10.186453,Processing,2-Day,10.46,0.0,10.46,USD,Paid
666,269,2024-09-22 09:45:15.186453,Pending,2-Day,15.44,0.0,15.44,USD,Paid
667,663,2025-03-05 01:36:35.186453,Completed,Pickup,2.14,0.0,2.14,USD,Paid
668,710,2024-07-22 10:13:05.186453,Cancelled,Pickup,17.17,0.0,17.17,USD,Paid
669,754,2023-11-15 01:06:19.187460,Completed,Overnight,1.83,0.0,1.83,USD,Paid
670,241,2024-04-23 12:55:44.187460,Pending,Pickup,22.71,0.0,22.71,USD,Paid
671,47,2024-03-03 17:17:13.187460,Completed,Ground,6.34,0.0,6.34,USD,Paid
672,405,2024-02-19 01:11:54.187460,Processing,Overnight,3.31,0.0,3.31,USD,Paid
673,267,2024-04-21 13:34:14.187460,Completed,2-Day,12.59,0.0,12.59,USD,Paid
674,325,2024-12-01 22:01:32.187460,Processing,Pickup,3.54,0.0,3.54,USD,Pending
675,131,2025-07-18 03:39:44.187460,Pending,Pickup,21.79,0.0,21.79,USD,Paid
676,290,2025-01-31 01:56:21.187460,Cancelled,Overnight,15.32,0.0,15.32,USD,Paid
677,169,2025-02-16 20:14:44.187460,Processing,Overnight,18.42,0.0,18.42,USD,Pending
678,674,2024-06-29 09:33:38.187460,Completed,Pickup,1.33,0.0,1.33,USD,Paid
679,37,2025-06-15 13:04:52.187460,Processing,Pickup,6.51,0.0,6.51,USD,Paid
680,507,2023-11-22 22:03:36.187460,Completed,Ground,11.04,0.0,11.04,USD,Paid
681,505,2023-11-18 18:38:52.187460,Completed,Ground,21.15,0.0,21.15,USD,Paid
682,209,2025-06-16 10:33:57.187460,Processing,Overnight,4.52,0.0,4.52,USD,Pending
683,577,2025-05-25 20:32:43.187460,Completed,2-Day,14.59,0.0,14.59,USD,Paid
684,185,2025-11-09 19:54:59.187460,Completed,Pickup,23.01,0.0,23.01,USD,Pending
685,337,2025-03-06 20:55:56.187460,Completed,Ground,7.11,0.0,7.11,USD,Paid
686,605,2023-12-19 10:37:35.187460,Completed,Ground,20.92,0.0,20.92,USD,Paid
687,725,2025-06-10 14:01:00.187460,Pending,Pickup,11.35,0.0,11.35,USD,Paid
688,338,2025-02-11 17:26:01.187460,Completed,Ground,16.4,0.0,16.4,USD,Paid
689,752,2024-08-08 03:14:17.187460,Cancelled,2-Day,5.28,0.0,5.28,USD,Paid
690,57,2025-09-25 15:38:01.187460,Processing,Ground,13.68,0.0,13.68,USD,Paid
691,262,2024-03-08 01:10:55.187460,Pending,2-Day,6.0,0.0,6.0,USD,Paid
692,214,2024-10-02 11:49:14.187460,Pending,2-Day,9.71,0.0,9.71,USD,Paid
693,670,2024-09-28 04:41:37.187460,Completed,2-Day,3.02,0.0,3.02,USD,Paid
694,318,2024-06-29 23:19:34.187460,Completed,2-Day,8.98,0.0,8.98,USD,Paid
695,502,2025-08-08 01:41:21.187460,Completed,Pickup,22.14,0.0,22.14,USD,Paid
696,434,2024-07-15 05:17:34.187460,Completed,Ground,18.91,0.0,18.91,USD,Paid
697,646,2024-11-01 16:43:04.187460,Processing,Pickup,2.32,0.0,2.32,USD,Paid
698,693,2024-06-07 02:37:31.187460,Returned,2-Day,16.19,0.0,16.19,USD,Paid
699,540,2023-11-15 09:25:19.187460,Cancelled,Ground,7.27,0.0,7.27,USD,Paid
700,490,2024-08-24 12:11:06.187460,Cancelled,Overnight,3.72,0.0,3.72,USD,Paid
701,536,2025-07-07 04:07:49.187460,Completed,Pickup,7.39,0.0,7.39,USD,Paid
702,47,2025-09-26 19:00:25.187460,Pending,Ground,12.77,0.0,12.77,USD,Paid
703,738,2024-09-18 11:37:40.187460,Completed,Overnight,8.89,0.0,8.89,USD,Paid
704,17,2024-03-25 12:05:27.187460,Completed,Ground,18.51,0.0,18.51,USD,Pending
705,403,2024-07-29 08:31:50.187460,Completed,Ground,2.08,0.0,2.08,USD,Pending
706,742,2023-11-24 04:13:51.187460,Processing,Pickup,18.93,0.0,18.93,USD,Paid
707,350,2024-08-10 16:21:20.187460,Completed,2-Day,5.28,0.0,5.28,USD,Paid
708,690,2025-08-25 17:04:30.187460,Processing,Ground,10.84,0.0,10.84,USD,Paid
709,14,2025-10-27 14:51:18.188456,Completed,2-Day,16.4,0.0,16.4,USD,Paid
710,763,2024-07-31 00:19:08.188456,Cancelled,Pickup,7.57,0.0,7.57,USD,Paid
711,707,2024-02-22 01:56:03.188456,Completed,Pickup,20.12,0.0,20.12,USD,Paid
712,196,2025-08-17 10:30:49.188456,Processing,Ground,20.4,0.0,20.4,USD,Paid
713,215,2023-12-03 08:12:54.188456,Cancelled,Pickup,16.22,0.0,16.22,USD,Paid
714,642,2024-01-19 06:15:54.188456,Completed,2-Day,2.15,0.0,2.15,USD,Paid
715,23,2024-07-28 09:40:24.188456,Completed,Ground,4.15,0.0,4.15,USD,Paid
716,483,2025-06-10 22:51:23.188456,Returned,Ground,21.49,0.0,21.49,USD,Paid
717,584,2024-03-25 06:14:03.188456,Processing,Pickup,1.27,0.0,1.27,USD,Paid
718,731,2025-11-06 11:19:48.188456,Completed,Pickup,24.49,0.0,24.49,USD,Paid
719,568,2024-06-24 17:59:58.188456,Completed,Overnight,0.93,0.0,0.93,USD,Paid
720,743,2024-09-30 21:22:10.188456,Completed,Pickup,5.8,0.0,5.8,USD,Paid
721,591,2025-09-12 19:49:58.188456,Pending,Overnight,13.83,0.0,13.83,USD,Paid
722,485,2025-02-12 15:27:50.188456,Completed,Ground,12.37,0.0,12.37,USD,Paid
723,447,2024-01-23 02:26:33.188456,Completed,Ground,4.03,0.0,4.03,USD,Paid
724,238,2025-05-01 21:59:00.188456,Processing,2-Day,14.69,0.0,14.69,USD,Paid
725,733,2023-12-14 02:43:11.188456,Cancelled,Pickup,3.28,0.0,3.28,USD,Paid
726,690,2025-01-18 00:51:18.188456,Returned,Overnight,19.9,0.0,19.9,USD,Paid
727,708,2025-06-01 16:25:38.188456,Processing,Ground,16.68,0.0,16.68,USD,Paid
728,621,2025-07-05 08:45:31.188456,Processing,Pickup,2.52,0.0,2.52,USD,Paid
729,215,2024-09-14 21:05:31.188456,Processing,Ground,24.98,0.0,24.98,USD,Paid
730,163,2024-11-12 05:34:20.188456,Completed,2-Day,20.7,0.0,20.7,USD,Paid
731,346,2024-06-17 13:54:14.188456,Completed,Pickup,2.85,0.0,2.85,USD,Paid
732,499,2025-03-27 10:40:26.188456,Completed,Overnight,24.84,0.0,24.84,USD,Paid
733,571,2024-11-16 13:22:07.188456,Completed,Overnight,22.41,0.0,22.41,USD,Paid
734,107,2023-12-08 20:18:12.188456,Completed,Ground,23.17,0.0,23.17,USD,Paid
735,774,2024-08-22 22:25:27.188456,Returned,Ground,24.37,0.0,24.37,USD,Paid
736,105,2024-02-27 16:52:16.188456,Completed,Ground,12.68,0.0,12.68,USD,Paid
737,211,2025-05-26 16:07:59.188456,Processing,Overnight,3.93,0.0,3.93,USD,Paid
738,511,2025-01-18 22:59:34.188456,Completed,Ground,3.86,0.0,3.86,USD,Paid
739,126,2024-11-07 02:53:07.188456,Completed,2-Day,10.98,0.0,10.98,USD,Paid
740,486,2024-09-15 14:49:41.188456,Processing,Overnight,7.17,0.0,7.17,USD,Pending
741,733,2025-05-23 11:57:53.188456,Processing,Pickup,9.02,0.0,9.02,USD,Paid
742,772,2024-01-04 06:07:53.188456,Processing,Pickup,19.68,0.0,19.68,USD,Paid
743,420,2025-06-25 23:27:18.188456,Completed,Pickup,23.8,0.0,23.8,USD,Paid
744,454,2024-06-04 01:53:46.188456,Cancelled,2-Day,19.25,0.0,19.25,USD,Paid
745,323,2024-06-03 12:32:04.188456,Pending,Pickup,24.55,0.0,24.55,USD,Paid
746,778,2025-05-29 23:15:50.188456,Pending,Ground,16.5,0.0,16.5,USD,Paid
747,60,2024-01-28 09:34:19.188456,Cancelled,Overnight,10.48,0.0,10.48,USD,Paid
748,739,2023-12-17 18:54:42.188456,Cancelled,Overnight,22.73,0.0,22.73,USD,Paid
749,626,2025-11-06 04:52:53.188456,Cancelled,2-Day,17.51,0.0,17.51,USD,Paid
750,558,2024-08-14 15:37:30.188456,Processing,Pickup,17.44,0.0,17.44,USD,Paid
751,309,2024-01-20 00:20:25.188456,Completed,Ground,0.92,0.0,0.92,USD,Paid
752,758,2024-12-07 00:52:07.188456,Completed,2-Day,13.01,0.0,13.01,USD,Paid
753,524,2024-05-10 04:43:50.188456,Processing,Overnight,13.03,0.0,13.03,USD,Paid
754,553,2024-02-03 09:14:29.188456,Pending,Overnight,6.03,0.0,6.03,USD,Paid
755,114,2025-01-06 23:40:34.188456,Returned,Ground,21.04,0.0,21.04,USD,Paid
756,127,2025-02-21 16:14:24.188456,Completed,Ground,18.91,0.0,18.91,USD,Pending
757,755,2025-07-09 22:43:48.188456,Processing,Ground,11.33,0.0,11.33,USD,Pending
758,643,2025-03-17 17:53:34.188456,Completed,2-Day,8.76,0.0,8.76,USD,Paid
759,732,2025-01-26 18:12:51.188456,Completed,Pickup,12.99,0.0,12.99,USD,Paid
760,597,2025-03-06 11:14:12.188456,Processing,2-Day,20.57,0.0,20.57,USD,Paid
761,729,2024-11-09 22:31:37.188456,Pending,Pickup,20.71,0.0,20.71,USD,Paid
762,134,2025-08-23 11:42:33.188456,Pending,Pickup,5.37,0.0,5.37,USD,Paid
763,413,2025-08-27 01:37:20.188456,Completed,Pickup,21.8,0.0,21.8,USD,Paid
764,451,2024-03-25 20:54:22.188456,Completed,Pickup,18.29,0.0,18.29,USD,Paid
765,131,2024-09-14 09:08:20.188456,Processing,Pickup,17.78,0.0,17.78,USD,Paid
766,121,2025-07-04 20:23:00.188456,Cancelled,2-Day,11.39,0.0,11.39,USD,Paid
767,379,2025-10-12 09:21:27.188456,Cancelled,Ground,15.04,0.0,15.04,USD,Pending
768,586,2024-09-22 11:03:03.188456,Processing,Overnight,1.01,0.0,1.01,USD,Paid
769,384,2025-06-11 10:46:52.188456,Completed,Overnight,7.35,0.0,7.35,USD,Paid
770,604,2025-10-17 09:51:58.188456,Processing,Pickup,1.22,0.0,1.22,USD,Paid
771,758,2025-01-06 04:44:48.188456,Processing,Pickup,0.05,0.0,0.05,USD,Paid
772,46,2024-05-03 02:22:26.188456,Pending,Pickup,12.03,0.0,12.03,USD,Paid
773,346,2024-12-31 18:28:09.188456,Completed,Pickup,11.88,0.0,11.88,USD,Paid
774,517,2024-03-04 10:13:57.188456,Completed,Pickup,19.04,0.0,19.04,USD,Paid
775,746,2023-12-31 22:43:03.188456,Processing,Overnight,2.23,0.0,2.23,USD,Paid
776,239,2024-02-13 16:21:49.188456,Completed,Pickup,8.47,0.0,8.47,USD,Pending
777,662,2025-09-28 22:56:07.189481,Completed,Ground,21.65,0.0,21.65,USD,Paid
778,791,2023-11-21 14:09:53.189481,Completed,Overnight,14.03,0.0,14.03,USD,Paid
779,198,2025-07-10 15:37:25.189481,Completed,Ground,23.93,0.0,23.93,USD,Paid
780,515,2024-05-29 08:10:20.189481,Completed,Ground,3.01,0.0,3.01,USD,Pending
781,282,2024-05-19 08:31:25.189481,Returned,2-Day,6.13,0.0,6.13,USD,Paid
782,547,2023-11-22 17:58:01.189481,Completed,Overnight,10.04,0.0,10.04,USD,Paid
783,24,2025-09-28 21:10:26.189481,Cancelled,Overnight,10.93,0.0,10.93,USD,Paid
784,325,2024-09-16 14:11:31.189481,Cancelled,Pickup,6.43,0.0,6.43,USD,Paid
785,293,2025-07-20 11:27:05.189481,Completed,2-Day,4.57,0.0,4.57,USD,Paid
786,418,2025-08-15 09:27:10.189481,Processing,2-Day,1.47,0.0,1.47,USD,Paid
787,60,2024-12-16 08:27:40.189481,Pending,Overnight,9.75,0.0,9.75,USD,Paid
788,332,2024-12-22 09:52:52.189481,Completed,Overnight,9.39,0.0,9.39,USD,Paid
789,771,2025-07-14 13:10:45.189481,Processing,2-Day,12.32,0.0,12.32,USD,Pending
790,276,2024-06-16 01:02:55.189481,Cancelled,Ground,7.96,0.0,7.96,USD,Paid
791,30,2024-04-27 00:14:48.189481,Pending,Pickup,15.84,0.0,15.84,USD,Paid
792,601,2025-10-26 05:16:05.189481,Completed,Ground,6.16,0.0,6.16,USD,Paid
793,312,2024-04-24 15:20:44.189481,Completed,Pickup,11.15,0.0,11.15,USD,Pending
794,146,2024-02-01 20:50:52.189481,Processing,Overnight,13.51,0.0,13.51,USD,Paid
795,434,2025-05-26 06:08:31.189481,Completed,Pickup,1.04,0.0,1.04,USD,Paid
796,172,2024-07-26 16:28:04.189481,Processing,Ground,1.5,0.0,1.5,USD,Paid
797,697,2024-07-09 05:07:02.189481,Completed,Pickup,24.98,0.0,24.98,USD,Pending
798,523,2024-02-06 07:19:18.189481,Completed,Overnight,1.14,0.0,1.14,USD,Paid
799,92,2024-05-16 18:34:00.189481,Pending,Pickup,17.46,0.0,17.46,USD,Paid
800,443,2025-06-23 18:48:26.189481,Returned,2-Day,15.26,0.0,15.26,USD,Paid
801,771,2024-12-24 02:35:35.189481,Completed,Pickup,6.83,0.0,6.83,USD,Paid
802,471,2024-01-06 03:21:27.189481,Processing,Overnight,0.4,0.0,0.4,USD,Pending
803,3,2023-12-07 10:11:57.189481,Completed,Pickup,0.11,0.0,0.11,USD,Paid
804,714,2025-11-05 08:44:59.189481,Completed,Pickup,19.06,0.0,19.06,USD,Paid
805,665,2024-05-12 12:06:48.189481,Completed,Ground,13.47,0.0,13.47,USD,Paid
806,362,2023-12-27 22:51:34.189481,Completed,Pickup,20.69,0.0,20.69,USD,Paid
807,787,2024-11-13 00:59:12.189481,Processing,Ground,3.12,0.0,3.12,USD,Paid
808,227,2024-10-31 08:02:29.189481,Completed,Ground,18.96,0.0,18.96,USD,Paid
809,629,2023-12-19 02:02:24.189481,Processing,Overnight,20.21,0.0,20.21,USD,Paid
810,372,2025-04-02 06:32:20.189481,Returned,Ground,7.02,0.0,7.02,USD,Paid
811,201,2023-11-24 17:00:11.189481,Processing,Pickup,2.77,0.0,2.77,USD,Pending
812,175,2025-02-02 18:20:51.189481,Completed,2-Day,16.5,0.0,16.5,USD,Paid
813,67,2024-04-13 17:06:52.189481,Completed,2-Day,18.65,0.0,18.65,USD,Paid
814,234,2025-07-07 05:36:55.189481,Cancelled,Overnight,4.8,0.0,4.8,USD,Paid
815,710,2023-12-21 14:13:34.189481,Returned,Overnight,17.02,0.0,17.02,USD,Paid
816,657,2024-08-07 14:59:48.189481,Cancelled,Ground,21.35,0.0,21.35,USD,Paid
817,417,2024-12-18 23:19:10.189481,Completed,Overnight,3.04,0.0,3.04,USD,Paid
818,530,2024-06-01 22:04:48.189481,Completed,Ground,22.1,0.0,22.1,USD,Paid
819,431,2025-03-30 13:21:29.189481,Processing,Pickup,7.91,0.0,7.91,USD,Paid
820,586,2024-10-09 07:58:57.189481,Processing,Ground,24.76,0.0,24.76,USD,Paid
821,256,2025-03-27 23:38:14.189481,Returned,2-Day,4.11,0.0,4.11,USD,Paid
822,100,2024-12-31 12:46:47.189481,Completed,Ground,12.0,0.0,12.0,USD,Paid
823,343,2025-10-20 17:29:40.189481,Completed,Overnight,6.18,0.0,6.18,USD,Paid
824,56,2024-07-18 06:23:22.189481,Returned,Overnight,12.99,0.0,12.99,USD,Paid
825,635,2025-03-17 12:24:48.189481,Completed,Pickup,19.1,0.0,19.1,USD,Paid
826,88,2024-02-12 22:48:47.189481,Completed,Ground,22.92,0.0,22.92,USD,Paid
827,711,2024-10-24 03:39:42.189481,Cancelled,Ground,19.57,0.0,19.57,USD,Paid
828,626,2025-09-11 22:58:41.189481,Pending,Pickup,1.64,0.0,1.64,USD,Paid
829,302,2023-12-22 13:02:12.189481,Completed,Pickup,10.04,0.0,10.04,USD,Paid
830,614,2024-02-21 00:06:00.189481,Processing,Ground,11.34,0.0,11.34,USD,Paid
831,635,2024-07-26 23:28:52.189481,Cancelled,Ground,8.49,0.0,8.49,USD,Paid
832,337,2023-12-24 14:07:20.189481,Completed,2-Day,2.7,0.0,2.7,USD,Paid
833,608,2025-11-01 17:23:54.189481,Completed,2-Day,22.61,0.0,22.61,USD,Paid
834,364,2025-07-07 15:51:44.189481,Completed,Pickup,12.03,0.0,12.03,USD,Paid
835,141,2024-02-17 22:52:47.189481,Processing,Ground,1.51,0.0,1.51,USD,Paid
836,668,2024-12-29 17:47:10.189481,Completed,Overnight,7.78,0.0,7.78,USD,Paid
837,317,2024-05-09 09:45:57.189481,Processing,Overnight,7.28,0.0,7.28,USD,Paid
838,695,2025-11-05 20:13:11.189481,Completed,2-Day,1.43,0.0,1.43,USD,Paid
839,433,2024-06-12 18:41:56.189481,Cancelled,Overnight,4.89,0.0,4.89,USD,Paid
840,71,2025-04-22 15:44:46.189481,Cancelled,Overnight,4.73,0.0,4.73,USD,Paid
841,340,2024-07-14 22:03:01.189481,Completed,Overnight,15.4,0.0,15.4,USD,Paid
842,466,2024-09-12 03:06:12.189481,Processing,Ground,12.4,0.0,12.4,USD,Paid
843,236,2025-11-10 15:48:40.189481,Processing,Pickup,15.6,0.0,15.6,USD,Paid
844,340,2025-03-14 21:33:52.189481,Completed,Pickup,5.13,0.0,5.13,USD,Paid
845,76,2025-05-10 14:49:23.189481,Completed,Overnight,0.75,0.0,0.75,USD,Paid
846,200,2025-07-20 09:53:00.189481,Processing,Overnight,1.1,0.0,1.1,USD,Paid
847,179,2025-10-15 07:49:05.189481,Processing,2-Day,22.13,0.0,22.13,USD,Paid
848,252,2025-05-20 02:41:44.189481,Completed,2-Day,4.9,0.0,4.9,USD,Paid
849,22,2025-05-18 05:32:11.189481,Cancelled,2-Day,9.47,0.0,9.47,USD,Paid
850,313,2025-07-24 02:44:52.189481,Cancelled,Pickup,6.0,0.0,6.0,USD,Paid
851,639,2024-10-29 08:49:44.190462,Cancelled,Pickup,21.96,0.0,21.96,USD,Paid
852,134,2025-09-09 10:45:13.190462,Processing,2-Day,4.79,0.0,4.79,USD,Paid
853,440,2024-10-23 01:26:30.190462,Processing,2-Day,23.03,0.0,23.03,USD,Paid
854,549,2024-02-22 17:41:03.190462,Processing,Overnight,19.74,0.0,19.74,USD,Paid
855,287,2024-12-14 06:04:07.190462,Pending,2-Day,21.29,0.0,21.29,USD,Paid
856,84,2024-03-25 21:15:52.190462,Processing,Pickup,19.77,0.0,19.77,USD,Paid
857,398,2024-02-24 12:42:21.190462,Processing,Overnight,12.46,0.0,12.46,USD,Paid
858,383,2024-07-27 08:33:03.190462,Processing,Pickup,17.89,0.0,17.89,USD,Paid
859,411,2024-06-25 21:49:08.190462,Processing,Ground,5.18,0.0,5.18,USD,Paid
860,406,2025-04-20 22:36:29.190462,Cancelled,2-Day,7.65,0.0,7.65,USD,Paid
861,384,2024-10-23 18:15:54.190462,Processing,Overnight,13.76,0.0,13.76,USD,Paid
862,532,2025-06-30 12:00:31.190462,Processing,Overnight,5.75,0.0,5.75,USD,Paid
863,345,2025-10-02 22:07:43.190462,Completed,Pickup,11.28,0.0,11.28,USD,Paid
864,510,2024-08-29 00:10:42.190462,Completed,Overnight,6.83,0.0,6.83,USD,Paid
865,272,2025-10-20 08:31:48.190462,Completed,Ground,8.98,0.0,8.98,USD,Paid
866,526,2025-08-22 04:20:41.190462,Completed,Ground,19.65,0.0,19.65,USD,Paid
867,369,2025-03-26 11:29:06.190462,Processing,Ground,13.65,0.0,13.65,USD,Paid
868,257,2024-12-08 07:54:30.190462,Completed,Overnight,18.63,0.0,18.63,USD,Paid
869,619,2023-12-16 05:04:30.190462,Processing,2-Day,24.96,0.0,24.96,USD,Paid
870,307,2024-05-07 05:33:37.190462,Pending,Overnight,20.56,0.0,20.56,USD,Paid
871,776,2024-09-27 00:17:41.190462,Completed,Ground,11.8,0.0,11.8,USD,Paid
872,234,2024-06-08 09:37:58.190462,Cancelled,2-Day,18.08,0.0,18.08,USD,Paid
873,602,2025-04-13 21:47:39.190462,Processing,Pickup,18.06,0.0,18.06,USD,Pending
874,321,2024-07-30 02:39:54.190462,Completed,2-Day,10.72,0.0,10.72,USD,Paid
875,461,2023-11-30 23:51:37.190462,Processing,Ground,9.37,0.0,9.37,USD,Paid
876,756,2024-04-02 10:23:42.190462,Processing,Ground,12.5,0.0,12.5,USD,Paid
877,430,2024-01-10 02:09:18.190462,Processing,Pickup,17.14,0.0,17.14,USD,Paid
878,602,2024-09-26 19:29:40.190462,Processing,Ground,14.19,0.0,14.19,USD,Paid
879,339,2025-10-13 10:00:08.190462,Processing,Pickup,24.5,0.0,24.5,USD,Paid
880,396,2025-04-19 00:50:43.190462,Pending,2-Day,11.87,0.0,11.87,USD,Paid
881,655,2024-12-12 18:19:57.190462,Returned,Overnight,2.33,0.0,2.33,USD,Paid
882,706,2025-07-30 18:56:14.190462,Processing,Pickup,0.67,0.0,0.67,USD,Paid
883,396,2025-04-25 12:32:16.190462,Cancelled,Overnight,5.15,0.0,5.15,USD,Paid
884,59,2025-01-19 19:58:31.190462,Pending,Overnight,12.96,0.0,12.96,USD,Paid
885,421,2025-05-23 03:10:14.190462,Cancelled,Pickup,3.93,0.0,3.93,USD,Paid
886,490,2025-07-24 10:21:58.190462,Completed,Ground,9.72,0.0,9.72,USD,Paid
887,318,2025-04-17 10:20:14.190462,Cancelled,Pickup,20.45,0.0,20.45,USD,Paid
888,589,2024-01-03 21:46:54.190462,Processing,Overnight,14.69,0.0,14.69,USD,Paid
889,8,2024-06-17 22:21:28.190462,Processing,2-Day,11.14,0.0,11.14,USD,Paid
890,539,2024-10-01 17:02:46.190462,Completed,Overnight,22.76,0.0,22.76,USD,Pending
891,41,2024-06-29 22:18:45.190462,Completed,Ground,7.2,0.0,7.2,USD,Paid
892,729,2024-08-04 02:26:31.190462,Completed,Overnight,9.78,0.0,9.78,USD,Paid
893,633,2025-05-18 23:57:23.190462,Processing,Pickup,11.45,0.0,11.45,USD,Paid
894,98,2024-01-10 08:23:20.190462,Completed,Pickup,17.47,0.0,17.47,USD,Paid
895,162,2025-10-01 06:20:27.190462,Cancelled,Overnight,22.06,0.0,22.06,USD,Paid
896,69,2024-05-13 04:26:26.190462,Completed,2-Day,22.72,0.0,22.72,USD,Pending
897,378,2024-09-18 18:56:25.190462,Processing,Ground,18.88,0.0,18.88,USD,Paid
898,169,2024-06-16 03:11:53.190462,Completed,Overnight,5.18,0.0,5.18,USD,Paid
899,655,2025-09-29 22:14:27.190462,Pending,Pickup,9.53,0.0,9.53,USD,Paid
900,11,2024-10-02 07:59:24.190462,Completed,Overnight,2.87,0.0,2.87,USD,Paid
