order_item_id,order_id,product_id,quantity,unit_price,discount,line_total
1,1,335,4,254.56,0.0,1018.25
2,1,85,5,383.46,57.52,1629.68
3,2,483,3,39.12,1.96,111.48
4,2,19,5,40.57,4.06,182.54
5,3,548,4,187.5,0.0,750.02
6,4,158,4,192.64,9.63,732.05
7,4,36,5,392.46,0.0,1962.3
8,4,536,1,53.38,5.34,48.04
9,5,54,5,153.24,22.99,651.25
10,5,207,2,268.16,13.41,509.51
11,5,205,1,428.6,0.0,428.6
12,5,15,3,52.93,0.0,158.79
13,6,99,2,336.29,0.0,672.58
14,6,426,5,44.29,4.43,199.3
15,7,576,2,459.13,68.87,780.52
16,7,439,1,158.07,0.0,158.07
17,7,366,3,281.38,42.21,717.51
18,8,13,4,297.16,14.86,1129.2
19,8,68,3,275.66,27.57,744.26
20,8,45,1,167.66,25.15,142.51
21,9,512,1,244.32,12.22,232.1
22,9,258,1,105.8,15.87,89.93
23,9,137,3,443.06,44.31,1196.26
24,10,70,3,100.69,15.1,256.77
25,10,392,5,195.54,9.78,928.79
26,10,516,5,139.26,0.0,696.28
27,10,239,1,228.51,0.0,228.51
28,11,243,4,168.56,0.0,674.23
29,11,62,2,57.5,5.75,103.5
30,11,207,2,268.22,0.0,536.45
31,12,455,3,359.49,35.95,970.62
32,12,41,5,436.15,65.42,1853.64
33,13,25,2,110.8,11.08,199.44
34,13,351,2,278.19,0.0,556.38
35,13,255,2,122.85,18.43,208.84
36,14,188,4,365.47,0.0,1461.86
37,14,504,1,488.99,0.0,488.99
38,14,145,2,234.51,11.73,445.55
39,15,242,5,258.79,38.82,1099.87
40,15,319,2,502.57,25.13,954.87
41,16,181,5,450.84,45.08,2028.79
42,16,591,4,428.59,21.43,1628.65
43,16,279,4,347.98,34.8,1252.72
44,16,408,4,165.44,24.82,562.5
45,17,518,5,244.69,12.23,1162.31
46,17,494,1,167.12,25.07,142.05
47,17,86,3,113.61,5.68,323.8
48,17,567,2,468.79,70.32,796.95
49,18,465,3,465.64,69.85,1187.36
50,18,74,3,346.42,51.96,883.39
51,18,201,2,518.2,0.0,1036.41
52,19,513,3,344.01,51.6,877.23
53,20,383,4,154.58,0.0,618.31
54,20,419,1,419.32,0.0,419.32
55,20,395,5,70.06,10.51,297.73
56,20,262,3,395.8,59.37,1009.29
57,21,60,4,99.03,4.95,376.34
58,21,249,4,261.98,26.2,943.11
59,21,29,2,356.01,53.4,605.23
60,22,261,2,216.18,10.81,410.74
61,22,13,1,332.36,49.85,282.51
62,23,83,5,151.77,22.77,645.0
63,23,170,4,238.23,23.82,857.65
64,23,513,5,355.52,53.33,1510.96
65,23,316,4,318.77,0.0,1275.09
66,24,587,3,234.38,23.44,632.82
67,25,408,3,159.73,7.99,455.21
68,25,504,1,412.16,61.82,350.34
69,26,296,4,457.11,45.71,1645.62
70,26,191,2,114.8,5.74,218.12
71,26,515,1,479.58,23.98,455.6
72,26,191,2,111.4,5.57,211.67
73,27,266,4,99.25,0.0,397.0
74,27,171,1,43.99,6.6,37.39
75,28,284,1,330.96,16.55,314.41
76,29,497,1,91.75,9.18,82.57
77,29,8,5,71.39,0.0,356.97
78,29,100,2,90.48,0.0,180.96
79,29,385,5,204.22,20.42,918.98
80,30,485,3,291.57,29.16,787.24
81,30,380,3,423.42,21.17,1206.76
82,30,370,4,214.81,0.0,859.23
83,30,365,3,59.57,0.0,178.7
84,31,412,2,271.75,0.0,543.5
85,31,544,3,114.17,5.71,325.37
86,31,378,4,170.25,25.54,578.83
87,31,528,4,260.02,0.0,1040.1
88,32,18,3,287.94,28.79,777.45
89,32,455,2,396.14,59.42,673.44
90,32,84,3,93.43,14.01,238.27
91,33,395,3,76.74,3.84,218.7
92,34,131,4,181.89,18.19,654.81
93,35,173,4,362.39,54.36,1232.12
94,35,554,2,450.25,22.51,855.48
95,35,92,1,330.86,0.0,330.86
96,35,165,3,112.09,11.21,302.65
97,36,264,4,159.03,0.0,636.13
98,36,140,5,31.65,4.75,134.52
99,37,341,2,443.81,0.0,887.62
100,38,387,4,471.72,70.76,1603.83
101,38,239,2,212.55,21.26,382.58
102,38,90,1,205.42,10.27,195.15
103,39,587,3,204.09,20.41,551.03
104,40,591,1,377.1,18.85,358.25
105,40,398,4,343.97,34.4,1238.27
106,40,130,5,56.86,2.84,270.12
107,40,110,4,34.99,5.25,118.97
108,41,149,3,483.98,72.6,1234.14
109,41,467,2,71.76,3.59,136.33
110,41,36,5,401.11,0.0,2005.56
111,42,588,4,136.13,6.81,517.27
112,42,507,3,139.67,20.95,356.16
113,42,61,3,348.12,17.41,992.12
114,43,54,2,182.23,27.33,309.79
115,43,307,2,501.04,75.16,851.76
116,44,433,4,432.55,64.88,1470.68
117,44,401,1,120.44,12.04,108.4
118,44,290,2,512.97,76.95,872.05
119,45,135,3,412.81,0.0,1238.42
120,46,469,2,41.76,6.26,71.01
121,46,495,3,112.62,5.63,320.97
122,46,224,2,43.35,0.0,86.7
123,47,590,1,475.37,23.77,451.6
124,47,386,4,410.64,20.53,1560.43
125,47,58,1,125.34,18.8,106.54
126,48,54,1,186.43,18.64,167.79
127,48,445,2,476.88,71.53,810.7
128,49,35,1,257.91,38.69,219.22
129,49,310,5,104.75,15.71,445.2
130,50,475,4,304.64,45.7,1035.76
131,51,12,1,301.62,0.0,301.62
132,51,501,5,252.56,37.88,1073.39
133,51,281,1,282.14,14.11,268.03
134,52,496,4,120.04,6.0,456.14
135,52,102,3,270.61,13.53,771.23
136,52,416,1,99.43,14.91,84.52
137,52,66,5,175.54,0.0,877.69
138,53,121,2,348.98,17.45,663.06
139,53,6,5,236.6,23.66,1064.68
140,54,41,2,418.29,20.91,794.76
141,55,576,3,479.45,0.0,1438.34
142,56,128,5,90.43,4.52,429.57
143,57,1,2,349.87,34.99,629.76
144,57,547,4,399.98,60.0,1359.93
145,57,321,5,301.14,30.11,1355.16
146,57,552,5,279.32,0.0,1396.61
147,58,243,1,150.31,15.03,135.28
148,59,138,5,394.23,39.42,1774.07
149,59,285,2,235.84,35.38,400.93
150,60,564,3,39.5,1.98,112.57
151,61,468,1,299.95,44.99,254.96
152,61,147,5,68.78,6.88,309.49
153,61,198,3,32.84,1.64,93.61
154,61,430,2,276.64,41.5,470.28
155,62,27,5,15.06,1.51,67.75
156,62,128,5,86.88,13.03,369.25
157,62,68,3,275.13,27.51,742.87
158,62,342,3,445.91,22.3,1270.82
159,63,11,1,382.23,19.11,363.12
160,63,388,1,190.95,0.0,190.95
161,63,180,5,496.68,49.67,2235.05
162,64,98,5,418.69,41.87,1884.11
163,64,565,3,137.15,0.0,411.44
164,64,175,3,474.58,71.19,1210.16
165,64,186,3,76.61,11.49,195.36
166,65,131,3,154.86,7.74,441.35
167,65,130,2,53.73,5.37,96.71
168,65,55,3,433.01,21.65,1234.09
169,65,429,4,69.24,6.92,249.26
170,66,515,3,462.64,69.4,1179.73
171,66,534,2,18.75,0.0,37.5
172,66,313,4,207.95,0.0,831.78
173,66,82,1,293.49,0.0,293.49
174,67,590,1,420.86,42.09,378.77
175,67,568,4,92.01,0.0,368.06
176,68,521,2,132.58,0.0,265.16
177,68,416,1,103.95,0.0,103.95
178,68,436,5,305.35,15.27,1450.41
179,68,541,5,257.77,38.67,1095.5
180,69,537,2,370.86,37.09,667.54
181,69,137,5,459.93,0.0,2299.64
182,70,508,4,344.68,0.0,1378.73
183,70,347,2,519.36,0.0,1038.73
184,70,298,3,140.97,14.1,380.62
185,70,219,1,506.53,75.98,430.55
186,71,313,5,210.12,0.0,1050.61
187,71,475,5,341.2,0.0,1706.02
188,72,7,5,394.08,39.41,1773.35
189,72,363,1,202.86,10.14,192.72
190,72,412,3,270.74,40.61,690.39
191,73,203,1,81.8,4.09,77.71
192,73,421,1,415.87,0.0,415.87
193,73,160,3,347.66,52.15,886.53
194,73,384,3,384.87,19.24,1096.89
195,74,112,4,235.85,35.38,801.87
196,74,166,2,480.15,72.02,816.26
197,74,6,3,257.46,12.87,733.78
198,75,195,3,37.69,5.65,96.13
199,76,340,1,246.6,12.33,234.27
200,76,491,3,40.23,6.03,102.6
201,76,564,4,43.98,2.2,167.11
202,76,333,4,335.89,50.38,1142.06
203,77,113,1,458.14,22.91,435.23
204,77,160,3,367.81,18.39,1048.26
205,78,351,4,323.75,0.0,1294.98
206,79,492,3,89.7,0.0,269.09
207,79,440,2,326.76,16.34,620.84
208,79,256,3,57.69,5.77,155.77
209,79,254,4,115.99,0.0,463.98
210,80,194,5,248.18,12.41,1178.84
211,80,235,1,126.41,0.0,126.41
212,81,197,2,93.67,4.68,177.98
213,81,94,1,374.09,37.41,336.68
214,81,237,2,350.13,52.52,595.22
215,82,523,4,427.49,42.75,1538.95
216,83,276,3,307.06,30.71,829.06
217,84,253,3,377.23,18.86,1075.1
218,84,42,1,217.03,21.7,195.33
219,84,218,3,249.8,0.0,749.39
220,84,442,2,156.65,23.5,266.31
221,85,343,3,141.56,0.0,424.69
222,85,566,2,81.79,8.18,147.22
223,85,542,5,89.54,8.95,402.95
224,86,599,4,375.8,0.0,1503.18
225,86,134,5,113.27,5.66,538.06
226,87,457,1,78.91,7.89,71.02
227,87,309,4,178.71,8.94,679.08
228,88,45,2,146.06,14.61,262.9
229,88,574,3,57.2,8.58,145.85
230,89,447,1,153.89,0.0,153.89
231,90,281,2,255.24,0.0,510.48
232,90,195,4,41.47,0.0,165.87
233,91,449,5,307.38,46.11,1306.35
234,91,411,5,91.24,4.56,433.4
235,92,164,5,445.44,0.0,2227.18
236,93,516,5,127.33,6.37,604.79
237,93,304,3,304.11,15.21,866.7
238,93,230,1,469.16,46.92,422.24
239,93,41,2,448.53,44.85,807.37
240,94,277,1,116.7,5.84,110.86
241,94,216,5,431.35,43.13,1941.08
242,95,333,1,365.75,36.57,329.18
243,95,137,4,511.58,51.16,1841.67
244,95,333,1,344.23,0.0,344.23
245,96,225,3,462.62,0.0,1387.87
246,96,551,5,320.89,48.13,1363.82
247,96,264,5,147.34,22.1,626.22
248,97,333,3,315.89,47.38,805.52
249,97,160,4,348.08,52.21,1183.46
250,98,152,4,195.52,9.78,742.95
251,98,471,2,336.09,16.8,638.59
252,98,194,5,241.48,12.07,1147.06
253,99,22,3,219.44,10.97,625.4
254,99,404,5,100.19,5.01,475.89
255,99,74,4,354.54,53.18,1205.43
256,100,540,2,19.82,0.0,39.64
257,101,387,4,413.76,0.0,1655.05
258,102,136,2,414.51,41.45,746.11
259,103,14,1,24.85,0.0,24.85
260,103,556,3,305.05,0.0,915.15
261,104,143,4,233.06,34.96,792.38
262,104,168,3,163.6,8.18,466.27
263,105,58,5,134.03,0.0,670.14
264,105,22,1,216.61,21.66,194.95
265,106,524,4,27.92,1.4,106.06
266,107,233,4,12.94,1.29,46.59
267,108,232,4,278.54,0.0,1114.16
268,108,504,2,492.31,24.62,935.39
269,108,105,3,172.86,17.29,466.72
270,109,370,1,237.58,11.88,225.7
271,110,439,5,161.49,8.07,767.12
272,110,436,2,313.7,31.37,564.65
273,111,357,1,192.15,28.82,163.33
274,111,378,3,176.65,0.0,529.94
275,111,3,2,293.66,14.68,557.95
276,112,152,4,210.54,31.58,715.84
277,112,69,1,403.77,40.38,363.39
278,112,149,1,437.35,21.87,415.48
279,113,395,3,72.42,10.86,184.67
280,113,493,4,39.92,3.99,143.7
281,114,252,4,368.83,55.32,1254.04
282,114,552,5,296.09,14.8,1406.46
283,115,86,5,116.28,5.81,552.36
284,115,90,2,217.62,10.88,413.48
285,115,18,3,271.06,13.55,772.52
286,115,113,1,468.41,46.84,421.57
287,116,302,4,112.39,16.86,382.11
288,116,249,2,307.81,0.0,615.62
289,117,121,2,317.44,0.0,634.89
290,117,435,3,149.77,0.0,449.32
291,118,489,5,24.17,0.0,120.84
292,119,375,2,149.94,0.0,299.89
293,119,13,5,336.15,50.42,1428.63
294,120,187,4,236.31,23.63,850.7
295,120,482,4,404.08,60.61,1373.88
296,121,294,1,401.19,0.0,401.19
297,122,516,2,120.69,18.1,205.19
298,122,466,5,334.42,33.44,1504.88
299,123,233,4,14.38,1.44,51.77
300,123,95,5,365.59,18.28,1736.56
301,123,217,4,257.63,12.88,979.0
302,124,189,5,435.38,0.0,2176.91
303,124,480,4,254.03,38.1,863.72
304,124,390,2,198.66,19.87,357.57
305,124,435,2,156.87,0.0,313.75
306,125,372,5,107.48,10.75,483.63
307,126,246,3,439.27,0.0,1317.81
308,127,217,5,227.03,22.7,1021.64
309,128,565,2,137.98,0.0,275.95
310,128,247,3,317.9,0.0,953.7
311,129,47,1,358.61,35.86,322.75
312,129,9,3,459.75,68.96,1172.38
313,129,513,2,331.81,49.77,564.09
314,129,365,2,58.41,0.0,116.81
315,130,418,5,206.78,10.34,982.19
316,130,25,5,109.75,16.46,466.43
317,130,39,3,375.95,56.39,958.67
318,131,96,2,128.04,6.4,243.28
319,132,514,5,460.01,46.0,2070.06
320,132,459,2,46.37,4.64,83.45
321,133,41,4,390.6,0.0,1562.39
322,133,157,5,281.33,42.2,1195.66
323,133,100,1,83.64,8.36,75.28
324,133,561,1,367.55,55.13,312.42
325,134,174,3,81.57,8.16,220.22
326,134,591,3,380.44,0.0,1141.31
327,134,184,4,60.23,9.03,204.78
328,135,453,2,262.7,39.41,446.58
329,135,41,3,441.69,66.25,1126.32
330,135,419,5,413.57,20.68,1964.43
331,136,376,5,99.34,9.93,447.05
332,136,383,1,160.54,24.08,136.46
333,136,270,1,49.1,0.0,49.1
334,136,251,5,430.85,0.0,2154.26
335,137,385,2,206.25,0.0,412.51
336,137,229,4,281.68,0.0,1126.72
337,137,358,4,390.38,58.56,1327.3
338,138,88,2,462.75,69.41,786.68
339,139,205,4,458.27,45.83,1649.78
340,139,351,5,294.77,44.22,1252.75
341,139,118,3,24.16,1.21,68.85
342,139,482,2,397.71,39.77,715.88
343,140,390,1,237.12,23.71,213.41
344,141,485,2,260.14,0.0,520.28
345,141,434,3,64.45,3.22,183.68
346,141,86,2,101.89,15.28,173.21
347,141,84,3,101.89,15.28,259.82
348,142,538,2,508.09,50.81,914.57
349,142,189,1,391.66,58.75,332.91
350,142,351,3,275.75,27.57,744.54
351,142,430,4,285.78,14.29,1085.97
352,143,364,5,95.59,0.0,477.96
353,143,575,5,224.99,11.25,1068.68
354,143,332,3,238.67,35.8,608.6
355,143,152,4,228.32,0.0,913.26
356,144,270,5,50.07,7.51,212.81
357,144,129,4,513.88,0.0,2055.53
358,144,38,2,78.34,3.92,148.84
359,144,431,5,174.28,26.14,740.68
360,145,357,2,219.59,0.0,439.18
361,145,380,3,347.72,34.77,938.85
362,146,512,4,230.33,23.03,829.21
363,147,556,4,286.27,28.63,1030.56
364,147,117,2,173.56,17.36,312.4
365,147,182,5,272.15,40.82,1156.64
366,148,292,4,233.12,0.0,932.48
367,148,90,1,205.44,0.0,205.44
368,148,422,1,137.51,0.0,137.51
369,148,455,5,394.16,0.0,1970.81
370,149,431,2,156.05,23.41,265.29
371,149,565,4,123.91,18.59,421.27
372,149,128,3,103.04,15.46,262.75
373,150,406,1,251.84,12.59,239.25
374,150,520,3,393.54,39.35,1062.56
375,150,315,4,429.96,0.0,1719.85
376,150,425,1,451.25,22.56,428.69
377,151,532,5,377.51,18.88,1793.13
378,151,586,4,384.27,57.64,1306.51
379,151,198,5,33.37,0.0,166.83
380,152,132,4,89.13,4.46,338.67
381,152,413,3,320.67,48.1,817.72
382,152,237,1,377.2,18.86,358.34
383,152,517,1,439.28,65.89,373.39
384,153,567,2,536.93,26.85,1020.15
385,153,96,1,107.62,0.0,107.62
386,153,157,1,280.8,0.0,280.8
387,154,26,2,212.52,21.25,382.53
388,154,192,2,193.33,9.67,367.33
389,154,305,2,441.86,22.09,839.54
390,154,388,3,186.49,18.65,503.51
391,155,148,1,75.74,0.0,75.74
392,156,471,5,292.28,14.61,1388.37
393,157,269,2,393.87,59.08,669.57
394,157,371,2,179.75,26.96,305.57
395,157,23,4,204.59,0.0,818.34
396,158,430,4,309.57,46.44,1052.54
397,158,165,2,99.56,4.98,189.17
398,159,121,3,357.55,53.63,911.77
399,160,163,5,333.07,0.0,1665.34
400,161,31,5,282.55,14.13,1342.08
401,161,222,3,336.99,16.85,960.42
402,162,336,2,441.09,22.05,838.08
403,163,281,4,250.42,0.0,1001.69
404,163,357,5,207.49,31.12,881.84
405,163,508,4,369.93,55.49,1257.78
406,164,257,2,459.52,45.95,827.14
407,164,403,1,231.35,23.13,208.22
408,165,211,4,160.89,24.13,547.04
409,165,434,5,71.16,7.12,320.2
410,166,393,4,74.84,7.48,269.43
411,167,66,4,153.51,0.0,614.02
412,167,524,3,30.59,3.06,82.6
413,167,544,3,102.59,0.0,307.77
414,168,331,4,261.07,26.11,939.86
415,168,252,1,353.57,35.36,318.21
416,169,149,3,419.15,41.92,1131.69
417,169,12,3,307.97,30.8,831.51
418,169,239,5,203.94,20.39,917.74
419,170,540,2,17.45,1.75,31.41
420,170,77,5,32.86,4.93,139.66
421,171,326,3,262.05,0.0,786.16
422,171,506,4,260.14,26.01,936.52
423,171,432,1,440.62,22.03,418.59
424,171,335,5,249.36,0.0,1246.79
425,172,19,5,48.39,7.26,205.66
426,172,292,2,242.54,36.38,412.33
427,172,38,5,80.91,0.0,404.56
428,173,17,1,32.58,4.89,27.69
429,173,309,3,156.82,15.68,423.42
430,173,410,1,341.5,34.15,307.35
431,174,49,4,180.81,27.12,614.78
432,174,506,1,305.7,0.0,305.7
433,174,30,2,108.16,0.0,216.31
434,174,143,1,243.42,36.51,206.91
435,175,175,1,408.76,40.88,367.88
436,175,551,1,378.55,0.0,378.55
437,176,45,1,141.59,14.16,127.43
438,176,77,3,29.43,4.41,75.06
439,176,277,2,123.11,18.47,209.28
440,177,130,3,59.05,8.86,150.56
441,178,126,5,399.06,59.86,1696.0
442,178,502,3,469.09,70.36,1196.2
443,178,232,1,255.83,25.58,230.25
444,178,85,3,376.13,18.81,1071.96
445,179,80,1,156.37,0.0,156.37
446,179,218,1,259.77,38.96,220.81
447,180,193,4,407.69,20.38,1549.22
448,180,541,5,304.08,30.41,1368.36
449,180,465,2,510.78,0.0,1021.56
450,180,134,2,132.8,19.92,225.75
451,181,526,2,117.51,5.88,223.26
452,181,71,3,408.19,40.82,1102.12
453,181,592,1,275.15,0.0,275.15
454,181,113,2,390.96,58.64,664.63
455,182,274,1,35.58,5.34,30.24
456,182,361,3,42.13,0.0,126.39
457,183,442,2,153.3,23.0,260.61
458,183,521,3,121.22,12.12,327.31
459,183,379,1,424.32,63.65,360.67
460,184,199,3,79.88,3.99,227.67
461,184,283,5,80.88,12.13,343.76
462,184,112,1,235.39,0.0,235.39
463,184,225,1,450.4,0.0,450.4
464,185,245,1,100.81,10.08,90.73
465,185,232,5,279.22,41.88,1186.72
466,185,402,4,304.03,30.4,1094.51
467,186,211,2,172.38,17.24,310.28
468,186,295,5,65.15,0.0,325.77
469,186,97,2,431.85,64.78,734.14
470,186,313,2,184.26,0.0,368.52
471,187,192,3,202.61,10.13,577.45
472,187,14,4,22.44,0.0,89.77
473,188,271,1,154.3,0.0,154.3
474,188,361,4,46.37,6.96,157.63
475,189,484,1,227.8,0.0,227.8
476,189,581,3,37.55,1.88,107.01
477,190,97,1,414.7,41.47,373.23
478,190,464,4,103.0,10.3,370.8
479,191,260,3,367.59,36.76,992.5
480,191,309,3,175.51,26.33,447.54
481,191,116,3,82.64,0.0,247.92
482,191,152,4,227.97,11.4,866.29
483,192,510,1,54.37,8.16,46.21
484,192,369,2,144.86,7.24,275.24
485,192,387,1,500.23,75.03,425.2
486,193,272,3,243.68,36.55,621.38
487,193,428,3,414.78,0.0,1244.33
488,194,126,4,420.31,42.03,1513.13
489,194,296,1,535.3,80.29,455.01
490,194,151,4,403.29,40.33,1451.85
491,195,311,4,147.34,14.73,530.46
492,195,16,4,316.53,31.65,1139.53
493,196,55,4,399.61,59.94,1358.69
494,197,1,1,346.28,34.63,311.65
495,197,291,5,398.39,19.92,1892.36
496,197,89,3,42.14,2.11,120.08
497,198,600,1,411.85,0.0,411.85
498,198,485,3,271.26,40.69,691.7
499,198,433,4,430.7,0.0,1722.82
500,198,268,3,404.12,20.21,1151.74
501,199,331,5,228.92,11.45,1087.33
502,199,257,2,480.88,24.04,913.69
503,199,309,3,149.28,22.39,380.67
504,199,559,2,132.9,19.93,225.94
505,200,142,5,378.29,37.83,1702.31
506,201,480,3,260.07,39.01,663.19
507,201,421,4,347.84,0.0,1391.37
508,201,432,1,500.82,50.08,450.74
509,202,595,5,239.13,23.91,1076.12
510,202,55,4,384.66,0.0,1538.62
511,203,531,4,528.31,0.0,2113.25
512,203,57,3,6.82,0.0,20.47
513,203,342,5,441.21,44.12,1985.46
514,203,580,4,181.86,0.0,727.43
515,204,599,5,429.22,0.0,2146.1
516,205,529,2,145.27,21.79,246.96
517,205,140,2,33.27,1.66,63.21
518,206,319,1,510.64,25.53,485.11
519,206,118,1,21.94,0.0,21.94
520,206,533,1,187.28,0.0,187.28
521,207,26,5,191.6,0.0,958.01
522,207,125,3,349.08,17.45,994.88
523,207,241,5,351.54,52.73,1494.03
524,207,127,4,313.05,0.0,1252.18
525,208,146,2,17.7,0.89,33.62
526,208,488,4,228.5,0.0,914.02
527,209,377,3,341.41,0.0,1024.22
528,209,476,4,235.45,11.77,894.73
529,209,29,3,370.65,55.6,945.15
530,209,12,5,313.78,47.07,1333.57
531,210,364,2,97.13,14.57,165.13
532,211,10,2,12.24,0.61,23.26
533,211,358,5,384.27,0.0,1921.33
534,211,179,2,37.15,3.71,66.87
535,212,144,3,468.13,46.81,1263.96
536,212,404,1,115.75,17.36,98.39
537,212,386,4,404.8,20.24,1538.25
538,212,590,5,484.28,48.43,2179.26
539,213,332,5,288.42,28.84,1297.88
540,213,599,5,436.63,0.0,2183.17
541,214,31,2,295.58,0.0,591.16
542,215,488,3,250.92,12.55,715.11
543,215,108,2,297.01,44.55,504.92
544,215,431,1,150.74,15.07,135.67
545,215,118,1,26.07,0.0,26.07
546,216,384,5,405.98,0.0,2029.89
547,216,179,3,35.28,5.29,89.96
548,216,387,2,502.37,25.12,954.51
549,216,201,3,477.54,47.75,1289.37
550,217,207,2,271.43,13.57,515.73
551,217,89,5,41.06,0.0,205.31
552,218,35,2,293.41,29.34,528.13
553,218,418,5,226.8,0.0,1134.02
554,219,190,5,256.63,12.83,1219.02
555,219,585,4,474.96,47.5,1709.84
556,219,573,2,51.3,7.69,87.22
557,220,386,1,401.89,20.09,381.8
558,220,530,3,244.11,36.62,622.46
559,220,237,1,369.34,36.93,332.41
560,220,24,2,512.12,51.21,921.83
561,221,400,3,254.16,12.71,724.35
562,221,295,1,68.51,3.43,65.08
563,221,531,5,494.75,74.21,2102.72
564,222,560,1,401.1,40.11,360.99
565,223,34,3,164.11,8.21,467.7
566,224,61,2,351.97,35.2,633.54
567,224,64,2,323.03,0.0,646.07
568,224,355,1,531.14,0.0,531.14
569,225,133,3,378.16,0.0,1134.48
570,225,37,4,151.33,15.13,544.8
571,225,442,4,158.34,7.92,601.68
572,225,22,1,213.01,10.65,202.36
573,226,19,5,43.93,6.59,186.71
574,226,387,2,451.2,67.68,767.03
575,226,563,2,268.76,0.0,537.51
576,226,377,3,327.62,49.14,835.43
577,227,244,2,165.65,0.0,331.3
578,228,423,5,384.78,0.0,1923.88
579,228,256,1,50.13,2.51,47.62
580,229,185,3,133.0,13.3,359.11
581,229,251,3,442.49,66.37,1128.36
582,229,491,1,44.91,0.0,44.91
583,229,257,5,460.3,46.03,2071.35
584,230,455,3,422.1,42.21,1139.68
585,230,251,5,515.44,51.54,2319.5
586,231,56,3,470.38,70.56,1199.45
587,232,81,2,527.57,26.38,1002.37
588,232,313,5,185.86,18.59,836.34
589,232,146,1,20.76,3.11,17.65
590,233,117,1,174.96,0.0,174.96
591,233,277,3,115.47,11.55,311.77
592,233,87,1,152.22,22.83,129.39
593,233,508,1,395.77,59.37,336.4
594,234,46,2,67.9,3.4,129.01
595,234,442,5,150.06,15.01,675.25
596,234,33,5,22.65,0.0,113.26
597,234,345,3,295.88,14.79,843.26
598,235,350,5,280.2,42.03,1190.83
599,236,112,5,223.58,22.36,1006.11
600,237,435,5,171.65,17.16,772.45
601,237,167,4,323.1,16.15,1227.78
602,237,136,1,376.01,37.6,338.41
603,237,88,2,466.25,46.62,839.26
604,238,585,4,431.06,43.11,1551.79
605,238,371,3,189.61,0.0,568.84
606,238,128,3,95.52,9.55,257.91
607,239,184,4,62.82,9.42,213.59
608,239,10,4,11.43,1.14,41.17
609,239,492,5,88.49,0.0,442.44
610,240,284,5,345.27,0.0,1726.33
611,241,185,3,154.15,15.41,416.21
612,241,266,4,92.95,4.65,353.21
613,241,151,5,401.35,20.07,1906.41
614,241,118,1,22.84,3.43,19.41
615,242,43,5,119.56,0.0,597.8
616,242,266,3,90.72,9.07,244.95
617,242,554,1,484.16,48.42,435.74
618,243,80,5,141.28,0.0,706.42
619,244,209,3,350.73,52.61,894.35
620,244,74,4,401.65,20.08,1526.29
621,245,335,5,270.06,27.01,1215.23
622,246,384,4,430.6,43.06,1550.15
623,246,32,2,440.27,44.03,792.48
624,246,154,5,235.43,11.77,1118.29
625,246,321,5,290.29,29.03,1306.29
626,247,388,5,163.84,8.19,778.23
627,247,391,1,408.8,20.44,388.36
628,248,552,1,317.14,0.0,317.14
629,248,484,5,251.61,25.16,1132.25
630,248,276,2,342.74,34.27,616.95
631,248,250,3,452.99,45.3,1223.08
632,249,467,3,73.82,0.0,221.46
633,249,247,4,362.81,54.42,1233.56
634,250,82,3,283.98,0.0,851.95
635,250,371,4,187.63,28.14,637.95
636,250,429,2,74.95,3.75,142.39
637,251,418,5,232.17,23.22,1044.73
638,251,294,3,414.8,0.0,1244.4
639,252,432,5,522.49,78.37,2220.59
640,252,203,2,87.45,0.0,174.91
641,252,171,1,45.14,6.77,38.37
642,252,104,2,341.98,51.3,581.36
643,253,171,1,42.52,6.38,36.14
644,254,363,2,220.74,11.04,419.4
645,254,301,1,341.6,34.16,307.44
646,254,111,1,272.37,27.24,245.13
647,254,460,4,200.21,30.03,680.7
648,255,489,2,23.55,0.0,47.1
649,255,156,1,340.11,34.01,306.1
650,255,465,4,460.41,23.02,1749.56
651,256,100,2,86.43,8.64,155.58
652,256,50,5,54.37,8.16,231.06
653,256,293,3,335.0,16.75,954.74
654,257,43,2,112.99,11.3,203.38
655,257,589,5,269.99,27.0,1214.95
656,258,170,1,239.99,36.0,203.99
657,258,450,2,54.0,5.4,97.21
658,258,266,5,105.53,5.28,501.26
659,259,145,1,238.63,11.93,226.7
660,259,29,5,403.96,20.2,1918.79
661,259,7,4,423.65,0.0,1694.58
662,260,209,3,376.42,56.46,959.88
663,260,456,5,70.05,10.51,297.7
664,260,303,1,518.26,0.0,518.26
665,261,443,4,271.72,13.59,1032.53
666,261,286,1,252.77,0.0,252.77
667,261,228,1,24.07,2.41,21.66
668,261,283,4,81.25,0.0,324.99
669,262,40,4,248.98,24.9,896.3
670,262,195,5,42.85,0.0,214.24
671,262,9,2,405.93,60.89,690.08
672,263,201,3,475.53,71.33,1212.6
673,263,192,4,179.45,8.97,681.93
674,264,529,2,129.23,0.0,258.47
675,265,572,5,396.21,19.81,1881.98
676,265,40,4,280.77,42.12,954.61
677,265,598,2,246.85,37.03,419.63
678,265,544,2,112.63,5.63,214.01
679,266,497,4,107.77,16.17,366.39
680,266,366,5,299.88,0.0,1499.42
681,266,225,1,540.39,54.04,486.35
682,267,458,3,75.89,11.38,193.54
683,267,119,2,304.69,30.47,548.43
684,267,117,3,181.89,9.09,518.41
685,267,496,4,127.61,6.38,484.91
686,268,298,3,141.66,21.25,361.24
687,269,576,3,426.6,42.66,1151.83
688,270,401,4,117.98,11.8,424.71
689,270,56,3,434.24,21.71,1237.58
690,270,348,1,433.85,65.08,368.77
691,270,227,5,407.16,20.36,1934.0
692,271,338,2,143.96,0.0,287.92
693,272,389,1,359.44,35.94,323.5
694,273,567,1,507.98,25.4,482.58
695,273,371,5,172.68,8.63,820.24
696,273,549,4,523.16,26.16,1988.01
697,274,166,3,477.95,23.9,1362.15
698,274,567,2,536.07,0.0,1072.14
699,274,21,5,120.33,18.05,511.39
700,275,44,2,147.87,0.0,295.75
701,275,236,2,328.33,0.0,656.65
702,275,387,4,423.87,42.39,1525.94
703,275,87,1,145.69,21.85,123.84
704,276,16,5,355.84,17.79,1690.25
705,277,401,2,127.71,12.77,229.88
706,278,436,5,304.99,30.5,1372.46
707,278,281,4,250.61,25.06,902.18
708,278,591,4,382.26,57.34,1299.66
709,279,228,4,25.23,3.79,85.78
710,280,547,5,409.01,0.0,2045.07
711,280,509,4,514.68,0.0,2058.73
712,280,464,2,99.91,0.0,199.82
713,281,238,4,333.06,0.0,1332.23
714,281,319,3,446.94,0.0,1340.83
715,281,98,5,403.18,60.48,1713.5
716,281,256,1,50.84,7.63,43.21
717,282,61,4,355.55,35.55,1279.99
718,282,346,2,41.67,6.25,70.84
719,283,275,2,362.19,54.33,615.72
720,284,321,2,268.36,40.25,456.23
721,284,527,5,23.74,0.0,118.69
722,284,108,4,295.37,44.31,1004.24
723,284,131,1,160.1,0.0,160.1
724,285,203,4,87.34,0.0,349.38
725,285,40,4,270.34,40.55,919.16
726,286,561,4,360.23,36.02,1296.85
727,286,121,4,357.69,35.77,1287.66
728,287,381,5,112.05,5.6,532.24
729,287,298,5,146.68,14.67,660.07
730,287,532,5,372.32,55.85,1582.33
731,288,339,2,326.91,49.04,555.73
732,288,11,3,385.3,19.27,1098.09
733,289,69,1,382.62,19.13,363.49
734,289,205,1,478.11,47.81,430.3
735,289,97,1,442.36,22.12,420.24
736,289,69,3,408.42,20.42,1164.0
737,290,15,2,47.5,7.12,80.76
738,290,599,3,398.74,59.81,1016.78
739,290,261,5,213.59,10.68,1014.54
740,291,157,1,286.97,28.7,258.27
741,292,270,5,44.13,6.62,187.54
742,292,339,5,369.5,36.95,1662.76
743,293,215,2,190.9,9.54,362.71
744,293,222,1,396.49,19.82,376.67
745,293,147,2,72.75,0.0,145.5
746,293,332,1,285.28,0.0,285.28
747,294,524,4,29.62,4.44,100.73
748,294,335,3,255.36,0.0,766.08
749,295,574,4,51.71,7.76,175.8
750,295,486,3,430.81,43.08,1163.18
751,296,220,2,157.12,15.71,282.83
752,297,448,5,181.28,18.13,815.75
753,297,124,5,171.24,17.12,770.59
754,298,26,3,207.55,20.76,560.38
755,298,435,2,168.29,8.41,319.75
756,299,384,2,429.86,0.0,859.73
757,299,201,4,465.09,23.25,1767.36
758,299,6,5,230.05,0.0,1150.26
759,299,378,3,166.4,0.0,499.21
760,300,35,3,279.72,41.96,713.27
761,300,45,3,148.63,0.0,445.89
762,300,586,1,434.62,65.19,369.43
763,301,503,2,458.58,0.0,917.16
764,301,40,3,245.1,12.26,698.52
765,301,182,2,244.8,0.0,489.59
766,301,58,4,132.62,0.0,530.48
767,302,100,5,86.07,4.3,408.86
768,302,18,3,286.0,28.6,772.21
769,302,174,5,91.38,9.14,411.18
770,303,413,4,341.15,0.0,1364.62
771,304,198,5,30.14,3.01,135.67
772,305,177,4,187.3,9.36,711.75
773,306,178,1,72.82,7.28,65.54
774,306,121,3,323.22,0.0,969.67
775,306,580,4,160.75,0.0,643.0
776,306,187,1,211.16,0.0,211.16
777,307,11,2,402.67,60.4,684.54
778,307,84,2,91.16,4.56,173.19
779,308,318,1,424.88,42.49,382.39
780,308,183,3,16.55,1.65,44.69
781,309,232,2,256.31,12.82,486.98
782,309,182,3,254.23,38.13,648.29
783,309,271,1,164.85,16.48,148.37
784,309,358,5,388.91,19.45,1847.28
785,310,600,4,400.23,20.01,1520.89
786,311,356,3,40.14,4.01,108.38
787,311,93,5,9.29,0.93,41.81
788,311,224,4,39.42,0.0,157.68
789,311,530,2,263.96,39.59,448.75
790,312,382,5,389.11,0.0,1945.55
791,312,331,1,253.11,0.0,253.11
792,312,163,4,316.15,31.62,1138.13
793,313,192,3,180.34,27.05,459.87
794,314,23,4,237.49,35.62,807.49
795,314,590,4,480.2,72.03,1632.69
796,315,259,3,34.98,5.25,89.2
797,315,411,3,86.82,4.34,247.43
798,316,432,4,502.56,75.38,1708.7
799,317,168,5,158.0,15.8,711.02
800,318,582,2,319.56,31.96,575.19
801,318,56,1,418.89,20.94,397.95
802,319,470,4,23.06,0.0,92.22
803,319,152,2,229.11,22.91,412.4
804,319,315,1,389.35,19.47,369.88
805,320,93,2,8.2,0.82,14.76
806,320,6,4,222.83,0.0,891.31
807,320,483,5,37.99,1.9,180.44
808,320,484,4,267.2,13.36,1015.35
809,321,397,2,337.19,16.86,640.66
810,322,335,3,271.67,40.75,692.76
811,322,404,5,97.71,14.66,415.23
812,322,28,2,307.12,15.36,583.52
813,322,241,3,359.07,0.0,1077.21
814,323,80,2,132.55,6.63,251.83
815,323,46,2,69.29,0.0,138.58
816,323,348,4,465.03,69.75,1581.12
817,323,155,3,5.55,0.83,14.17
818,324,268,4,371.02,55.65,1261.48
819,325,477,1,46.21,0.0,46.21
820,326,13,2,303.86,45.58,516.56
821,326,466,1,319.96,47.99,271.97
822,326,433,1,378.4,37.84,340.56
823,326,119,5,325.7,48.85,1384.24
824,327,485,3,305.27,30.53,824.22
825,327,115,2,315.66,47.35,536.61
826,327,82,2,252.92,25.29,455.26
827,328,528,5,263.42,39.51,1119.55
828,328,446,1,104.41,0.0,104.41
829,329,502,4,473.49,47.35,1704.57
830,330,436,3,301.01,0.0,903.03
831,330,556,3,266.64,26.66,719.94
832,330,428,1,426.63,42.66,383.97
833,331,115,3,301.33,45.2,768.38
834,332,180,1,478.31,23.92,454.39
835,332,149,4,447.15,44.72,1609.73
836,333,470,5,23.45,3.52,99.63
837,333,42,1,230.11,0.0,230.11
838,333,151,5,426.33,0.0,2131.64
839,334,525,1,194.01,19.4,174.61
840,334,433,4,356.29,35.63,1282.65
841,334,82,4,306.69,15.33,1165.46
842,334,585,3,521.89,26.09,1487.39
843,335,384,5,393.45,59.02,1672.14
844,336,191,3,122.22,0.0,366.65
845,336,409,2,350.49,35.05,630.88
846,336,6,4,225.11,33.77,765.38
847,337,282,3,412.12,41.21,1112.73
848,337,100,2,85.12,8.51,153.22
849,338,66,5,157.47,23.62,669.26
850,338,431,5,159.55,23.93,678.11
851,339,572,1,407.51,40.75,366.76
852,339,355,4,453.35,68.0,1541.41
853,339,216,5,485.69,72.85,2064.18
854,339,262,4,358.09,0.0,1432.34
855,340,575,3,219.46,21.95,592.52
856,340,312,3,297.6,44.64,758.87
857,340,479,1,330.95,16.55,314.4
858,340,361,5,44.99,0.0,224.93
859,341,570,4,397.9,59.69,1352.85
860,341,551,2,339.84,0.0,679.68
861,341,100,4,85.0,0.0,340.02
862,342,183,2,18.78,2.82,31.92
863,342,564,4,40.26,2.01,153.01
864,342,429,5,70.65,7.07,317.9
865,343,326,5,280.88,42.13,1193.74
866,344,414,4,260.08,26.01,936.27
867,344,461,2,138.47,6.92,263.1
868,345,296,1,492.55,49.25,443.3
869,345,476,2,229.68,0.0,459.37
870,345,393,5,82.06,12.31,348.74
871,345,421,2,394.61,19.73,749.76
872,346,516,1,136.44,20.47,115.97
873,346,24,3,491.77,24.59,1401.54
874,347,94,3,346.68,52.0,884.03
875,347,566,5,90.8,4.54,431.32
876,347,469,3,42.96,2.15,122.44
877,347,180,4,516.52,25.83,1962.75
878,348,136,3,359.03,0.0,1077.09
879,348,212,5,69.19,3.46,328.64
880,348,455,2,410.88,61.63,698.5
881,349,340,2,251.07,0.0,502.14
882,350,34,4,178.97,26.85,608.48
883,351,73,4,41.73,0.0,166.91
884,351,547,1,425.73,0.0,425.73
885,351,300,4,40.83,0.0,163.3
886,351,373,4,176.79,26.52,601.09
887,352,128,1,87.56,8.76,78.8
888,352,594,1,460.24,46.02,414.22
889,352,423,3,352.43,17.62,1004.42
890,352,495,2,99.42,9.94,178.95
891,353,470,4,25.96,2.6,93.43
892,354,303,4,479.95,71.99,1631.82
893,354,265,5,425.17,0.0,2125.87
894,354,144,2,444.82,0.0,889.64
895,355,380,5,374.4,37.44,1684.8
896,355,315,2,421.18,42.12,758.12
897,356,451,3,65.8,3.29,187.54
898,356,151,5,373.04,55.96,1585.42
899,356,264,2,132.09,6.6,250.98
900,356,598,3,223.34,0.0,670.01
901,357,373,5,177.77,26.67,755.49
902,357,489,5,24.3,2.43,109.35
903,357,160,5,393.75,39.37,1771.89
904,358,388,4,186.09,27.91,632.73
905,358,180,4,512.72,0.0,2050.87
906,358,67,3,300.85,15.04,857.43
907,359,154,3,265.76,0.0,797.29
908,359,202,3,51.24,0.0,153.71
909,360,208,3,416.57,62.49,1062.24
910,360,102,3,296.93,29.69,801.72
911,361,58,4,130.79,6.54,497.01
912,362,263,2,9.95,0.5,18.91
913,362,234,4,147.15,14.72,529.73
914,363,94,2,401.15,0.0,802.29
915,363,136,5,377.75,18.89,1794.28
916,363,234,2,160.0,24.0,271.99
917,364,101,5,495.42,0.0,2477.12
918,364,327,1,95.91,0.0,95.91
919,364,453,1,240.3,0.0,240.3
920,364,556,5,268.71,40.31,1141.99
921,365,583,1,244.68,0.0,244.68
922,365,454,2,56.69,8.5,96.38
923,365,1,3,382.95,38.3,1033.96
924,366,181,3,475.36,47.54,1283.47
925,366,307,3,489.74,24.49,1395.75
926,366,350,3,294.04,29.4,793.92
927,366,451,1,77.44,3.87,73.57
928,367,7,3,428.48,64.27,1092.63
929,367,508,2,345.3,51.79,587.01
930,367,312,1,307.48,46.12,261.36
931,367,351,5,314.65,15.73,1494.59
932,368,238,2,328.77,32.88,591.79
933,369,544,4,96.4,9.64,347.05
934,369,216,5,483.27,48.33,2174.71
935,369,161,2,178.64,8.93,339.41
936,370,161,3,185.09,27.76,471.99
937,370,427,3,115.66,11.57,312.26
938,371,311,3,142.94,14.29,385.94
939,371,363,3,222.88,33.43,568.34
940,371,577,4,198.57,0.0,794.29
941,371,414,1,270.56,27.06,243.5
942,372,468,3,248.98,12.45,709.58
943,372,214,3,50.75,5.07,137.03
944,373,330,4,389.12,38.91,1400.82
945,374,221,5,9.06,0.91,40.73
946,374,110,1,36.81,3.68,33.13
947,375,482,1,408.62,61.29,347.33
948,375,499,2,402.1,60.31,683.57
949,375,61,1,340.89,34.09,306.8
950,375,283,5,77.11,7.71,347.01
