payment_id,order_id,customer_id,payment_date,payment_method,payment_amount,transaction_id,status
1,1,329,2025-01-10 22:56:05.176457,Credit Card,-2666.15,TXN-18741781,Refunded
2,2,453,2024-03-08 15:33:50.177458,Credit Card,316.86,TXN-93025237,Completed
3,3,383,2024-09-28 21:25:45.177458,PayPal,762.9,TXN-59710508,Completed
4,4,519,2025-06-05 12:40:44.177458,Debit Card,2745.78,TXN-10792100,Completed
5,5,198,2024-05-30 18:21:47.177458,Credit Card,1769.07,TXN-62013029,Completed
6,6,370,2025-03-04 13:51:50.177458,Debit Card,439.37,TXN-94327199,Pending
7,7,127,2024-07-30 20:40:37.177458,Credit Card,1662.15,TXN-12656619,Completed
8,8,486,2024-07-04 17:26:22.177458,Bank Transfer,2024.58,TXN-96542269,Completed
9,9,396,2025-02-28 11:46:37.177458,Bank Transfer,1522.36,TXN-61911006,Completed
10,10,663,2024-04-13 07:15:53.177458,Debit Card,2127.29,TXN-75842162,Completed
11,11,21,2025-02-13 15:20:40.177458,Gift Card,1326.03,TXN-74307616,Completed
12,12,9,2025-07-02 15:29:52.177458,Gift Card,0.0,TXN-82001727,Failed
13,13,386,2025-01-06 15:39:59.177458,Debit Card,0.0,TXN-48502168,Failed
14,14,534,2025-04-05 22:04:33.177458,Gift Card,2411.01,TXN-44522269,Completed
15,15,384,2025-11-08 20:26:39.177458,Credit Card,0.0,TXN-67946703,Failed
16,16,284,2025-07-27 21:31:42.177458,Credit Card,2747.1,TXN-71731037,Pending
17,17,668,2025-02-23 15:10:46.177458,Debit Card,2429.82,TXN-63986524,Completed
18,18,615,2024-06-08 06:19:08.177458,PayPal,3123.67,TXN-37930832,Completed
19,19,672,2023-12-21 09:58:24.177458,Gift Card,0.0,TXN-71818207,Failed
20,20,755,2025-02-24 23:49:42.177458,Gift Card,2359.23,TXN-72212219,Completed
21,21,731,2024-04-10 08:09:12.177458,Gift Card,1941.84,TXN-27866349,Completed
22,22,688,2024-01-31 21:44:49.177458,Debit Card,705.93,TXN-39119785,Completed
23,23,186,2025-05-27 15:07:30.177458,Debit Card,4291.14,TXN-98493234,Completed
24,24,573,2025-07-08 05:39:02.177458,Gift Card,328.25,TXN-83578898,Pending
25,25,364,2024-12-08 15:14:26.177458,PayPal,0.0,TXN-96436223,Failed
26,26,340,2025-01-06 23:45:32.177458,Debit Card,2537.52,TXN-73113531,Completed
27,27,482,2025-01-21 22:10:58.177458,Gift Card,456.05,TXN-50308304,Completed
28,28,73,2024-03-30 17:56:22.177458,Gift Card,0.0,TXN-16829764,Failed
29,29,391,2024-06-22 10:42:20.177458,Bank Transfer,1549.81,TXN-31034514,Completed
30,30,351,2025-06-17 10:04:00.177458,Gift Card,3056.61,TXN-34201500,Completed
31,31,733,2024-08-03 09:51:12.177458,Debit Card,0.0,TXN-61804106,Failed
32,32,182,2024-07-04 02:57:26.177458,PayPal,1705.02,TXN-85613436,Completed
33,33,780,2025-11-14 22:36:33.177458,Gift Card,116.56,TXN-87184473,Pending
34,34,799,2025-06-05 21:14:35.177458,Debit Card,329.02,TXN-65202373,Pending
35,35,440,2024-08-27 16:00:12.177458,Debit Card,2730.69,TXN-75321753,Completed
36,36,383,2025-10-10 19:38:01.177458,Bank Transfer,792.95,TXN-94300224,Completed
37,37,5,2024-05-25 08:07:45.177458,Credit Card,0.0,TXN-18772342,Failed
38,38,393,2024-11-27 03:42:18.177458,Credit Card,2185.74,TXN-54494335,Completed
39,39,467,2025-10-01 04:12:39.177458,PayPal,0.0,TXN-37247147,Failed
40,40,502,2023-12-13 10:11:48.177458,PayPal,2004.36,TXN-18861468,Completed
41,41,230,2025-06-01 00:22:51.177458,Bank Transfer,3381.31,TXN-69943922,Completed
42,42,127,2025-10-27 17:35:52.178458,Debit Card,1883.33,TXN-48888385,Completed
43,43,262,2025-10-11 01:24:27.178458,Debit Card,1176.4,TXN-30403362,Completed
44,44,21,2025-09-26 11:07:54.178458,Bank Transfer,2468.37,TXN-92985330,Completed
45,45,561,2024-09-17 22:53:27.178458,Bank Transfer,1250.28,TXN-94380335,Completed
46,46,646,2025-06-13 07:35:10.178458,Debit Card,486.21,TXN-25214980,Completed
47,47,277,2024-01-08 11:23:29.178458,Gift Card,2129.04,TXN-23028371,Completed
48,48,121,2025-07-30 20:26:30.178458,Gift Card,490.67,TXN-73459898,Pending
49,49,205,2025-07-29 20:56:45.178458,Credit Card,685.21,TXN-88675126,Completed
50,50,303,2025-04-24 02:02:11.178458,Gift Card,1036.75,TXN-88502768,Completed
51,51,493,2024-06-27 07:30:22.178458,Credit Card,1648.9,TXN-76003853,Completed
52,52,588,2025-11-05 11:49:39.178458,PayPal,0.0,TXN-55604049,Failed
53,53,741,2025-08-15 20:26:14.178458,Credit Card,-1750.36,TXN-33788142,Refunded
54,54,304,2024-01-27 06:39:06.178458,Gift Card,806.37,TXN-30063671,Completed
55,55,298,2025-08-09 08:42:26.178458,Debit Card,1458.38,TXN-95123938,Completed
56,56,98,2025-01-02 23:33:28.178458,Credit Card,429.81,TXN-57608618,Completed
57,57,367,2025-06-28 15:30:15.178458,Credit Card,4765.34,TXN-93464930,Completed
58,58,351,2025-02-16 11:41:01.178458,Debit Card,0.0,TXN-59018458,Failed
59,59,395,2024-10-01 22:26:45.178458,Bank Transfer,0.0,TXN-47613959,Failed
60,60,713,2024-01-20 08:59:44.178458,Gift Card,-137.11,TXN-52757412,Refunded
61,61,605,2025-06-04 11:17:31.178458,Debit Card,0.0,TXN-51156003,Failed
62,62,389,2023-12-23 23:06:54.178458,PayPal,2465.97,TXN-15429877,Completed
63,63,500,2023-12-20 10:18:39.178458,Gift Card,2811.31,TXN-98504582,Completed
64,64,671,2024-08-24 13:23:39.178458,Credit Card,3701.38,TXN-27535526,Completed
65,65,591,2023-12-24 19:57:36.178458,Credit Card,0.0,TXN-86994349,Failed
66,66,705,2024-01-02 02:45:03.178458,Debit Card,2353.32,TXN-73098568,Completed
67,67,693,2025-03-04 21:31:17.178458,PayPal,750.55,TXN-60350701,Completed
68,68,659,2024-04-25 16:45:09.178458,Gift Card,2927.66,TXN-64652792,Completed
69,69,77,2024-07-22 21:00:54.178458,PayPal,2975.2,TXN-45109738,Completed
70,70,229,2024-12-14 04:56:26.178458,PayPal,3238.71,TXN-45792181,Completed
71,71,587,2025-03-22 12:11:52.178458,Credit Card,2758.83,TXN-99418882,Completed
72,72,510,2024-06-25 22:47:26.178458,Credit Card,0.0,TXN-13088008,Failed
73,73,1,2024-09-18 13:45:48.178458,Debit Card,1248.39,TXN-19987762,Pending
74,74,521,2024-02-19 15:51:21.178458,Debit Card,2368.27,TXN-86760300,Completed
75,75,56,2024-08-04 02:39:28.178458,Credit Card,58.62,TXN-11294562,Pending
76,76,615,2024-12-14 18:40:24.178458,PayPal,1663.96,TXN-92874168,Completed
77,77,778,2024-11-10 22:35:30.178458,Gift Card,1483.54,TXN-94691777,Completed
78,78,299,2024-11-20 15:59:49.178458,Credit Card,0.0,TXN-92217107,Failed
79,79,735,2025-10-04 09:05:28.178458,Debit Card,1512.35,TXN-36779296,Completed
80,80,403,2024-02-28 07:56:05.178458,Debit Card,0.0,TXN-22308286,Failed
81,81,425,2025-05-03 02:45:51.178458,Credit Card,1133.05,TXN-68112164,Completed
82,82,462,2023-12-27 17:37:48.178458,Debit Card,777.71,TXN-16710702,Pending
83,83,5,2024-06-19 10:09:57.178458,PayPal,842.89,TXN-93946711,Completed
84,84,521,2024-08-30 17:45:52.178458,Debit Card,2303.43,TXN-76478091,Completed
85,85,674,2025-05-22 10:23:37.178458,Gift Card,987.46,TXN-48663227,Completed
86,86,710,2024-10-20 23:49:29.178458,Credit Card,2048.08,TXN-69393536,Completed
87,87,137,2024-11-28 04:21:27.178458,Credit Card,760.42,TXN-33602309,Completed
88,88,719,2023-11-30 20:24:57.178458,Debit Card,-426.55,TXN-82745798,Refunded
89,89,215,2024-04-27 16:02:11.178458,Credit Card,171.06,TXN-20170987,Completed
90,90,666,2023-12-29 10:14:15.178458,Debit Card,688.95,TXN-31800123,Completed
91,91,119,2023-12-08 15:52:48.178458,PayPal,1753.81,TXN-90739206,Completed
92,92,728,2024-04-01 18:17:30.178458,PayPal,2244.04,TXN-39294123,Completed
93,93,433,2024-05-19 04:39:27.178458,Debit Card,2714.17,TXN-81209329,Completed
94,94,687,2025-10-25 01:12:03.178458,PayPal,2056.94,TXN-47775463,Completed
95,95,150,2025-06-03 04:37:57.178458,Credit Card,1266.17,TXN-18426588,Pending
96,96,34,2025-01-21 07:38:26.178458,Credit Card,3398.26,TXN-93194239,Completed
97,97,758,2025-08-04 16:38:10.178458,Credit Card,1003.77,TXN-69851981,Pending
98,98,713,2024-04-24 00:54:32.178458,Credit Card,2545.92,TXN-52734662,Completed
99,99,702,2025-09-29 01:10:30.178458,Bank Transfer,2330.87,TXN-18842104,Completed
100,100,208,2025-09-25 14:35:45.178458,PayPal,60.39,TXN-70503600,Completed
101,101,603,2024-02-07 15:29:18.178458,PayPal,1674.45,TXN-77067918,Completed
102,102,700,2025-05-03 04:21:26.178458,PayPal,750.78,TXN-83271725,Completed
103,103,42,2025-05-21 20:21:34.178458,Debit Card,-946.98,TXN-88816559,Refunded
104,104,262,2025-02-22 10:19:56.178458,PayPal,1266.91,TXN-64993351,Completed
105,105,331,2023-11-22 09:25:54.178458,PayPal,884.43,TXN-64122182,Completed
106,106,309,2024-02-15 16:39:15.178458,Gift Card,125.81,TXN-30493013,Completed
107,107,725,2024-05-03 02:01:50.179452,Gift Card,59.72,TXN-13285625,Completed
108,108,518,2025-05-11 20:06:48.179452,Gift Card,0.0,TXN-94851513,Failed
109,109,227,2024-05-16 00:22:48.179452,Credit Card,242.28,TXN-68301666,Completed
110,110,771,2024-12-15 01:55:54.179452,Debit Card,678.35,TXN-30272064,Pending
111,111,355,2024-01-21 14:44:51.179452,Debit Card,1257.23,TXN-22730042,Completed
112,112,250,2024-01-29 16:43:25.179452,Debit Card,1511.77,TXN-46358251,Completed
113,113,117,2024-12-21 01:10:57.179452,Gift Card,334.78,TXN-62644474,Completed
114,114,789,2025-02-02 14:10:06.179452,PayPal,2673.36,TXN-40566650,Completed
115,115,304,2024-06-15 22:50:44.179452,Gift Card,2167.94,TXN-68096981,Completed
116,116,792,2025-08-23 11:34:27.179452,Gift Card,1013.4,TXN-99360714,Completed
117,117,702,2025-04-12 16:08:53.179452,Credit Card,1105.1,TXN-53390242,Completed
118,118,760,2025-04-21 19:29:20.179452,PayPal,137.0,TXN-28988828,Completed
119,119,735,2025-09-05 09:28:12.179452,Debit Card,1729.47,TXN-65880935,Completed
120,120,258,2025-09-02 13:05:31.179452,Debit Card,2238.95,TXN-55443506,Completed
121,121,462,2025-03-31 05:39:03.179452,Bank Transfer,412.02,TXN-67579060,Completed
122,122,548,2025-11-01 00:53:12.179452,Debit Card,1726.11,TXN-81086637,Completed
123,123,600,2024-02-25 12:45:56.179452,PayPal,2784.85,TXN-27197789,Completed
124,124,109,2025-09-04 02:02:40.179452,Credit Card,3731.62,TXN-12376967,Completed
125,125,784,2025-01-12 16:59:01.179452,Debit Card,493.17,TXN-38112706,Completed
126,126,547,2024-01-13 13:56:45.179452,Debit Card,0.0,TXN-51948011,Failed
127,127,650,2024-10-12 19:11:55.179452,PayPal,1029.09,TXN-84490268,Completed
128,128,12,2024-01-23 01:28:58.179452,Debit Card,1232.73,TXN-27063481,Completed
129,129,551,2025-11-13 18:12:57.179452,Bank Transfer,-2183.65,TXN-40726021,Refunded
130,130,662,2024-12-01 07:21:32.179452,Debit Card,2411.31,TXN-43433510,Completed
131,131,199,2025-04-04 16:36:28.179452,Credit Card,247.81,TXN-52071895,Completed
132,132,563,2024-04-13 13:05:16.179452,Gift Card,2169.63,TXN-29911932,Completed
133,133,257,2025-09-01 04:29:08.179452,Bank Transfer,3150.69,TXN-75892915,Completed
134,134,366,2024-04-03 21:19:47.179452,PayPal,1583.09,TXN-18982581,Completed
135,135,72,2025-03-20 11:25:31.179452,PayPal,3545.27,TXN-29204323,Completed
136,136,314,2024-08-10 03:06:48.179452,Gift Card,2801.01,TXN-43096161,Completed
137,137,173,2024-11-06 03:33:02.179452,PayPal,2874.36,TXN-57804163,Completed
138,138,369,2025-04-04 15:44:09.179452,Bank Transfer,401.83,TXN-29611920,Pending
139,139,368,2024-12-11 21:35:36.179452,Gift Card,1849.71,TXN-52166952,Pending
140,140,84,2025-07-30 08:40:06.179452,Debit Card,234.88,TXN-96683389,Completed
141,141,752,2025-06-27 19:27:27.179452,Bank Transfer,1155.18,TXN-26154770,Completed
142,142,596,2025-10-25 20:36:08.179452,Debit Card,3097.22,TXN-80263274,Completed
143,143,557,2025-04-13 13:44:00.179452,Debit Card,1542.42,TXN-60467061,Pending
144,144,791,2025-06-15 01:44:56.179452,PayPal,3161.21,TXN-45029200,Completed
145,145,373,2024-06-20 20:29:04.179452,Credit Card,1394.6,TXN-13868320,Completed
146,146,144,2024-02-28 09:01:47.179452,Credit Card,833.19,TXN-59476902,Completed
147,147,150,2024-04-14 18:28:02.179452,Gift Card,2523.08,TXN-94005516,Completed
148,148,238,2025-10-05 07:06:03.179452,Bank Transfer,3252.85,TXN-69611364,Completed
149,149,531,2025-03-20 13:30:34.179452,PayPal,479.5,TXN-71195665,Pending
150,150,665,2024-08-11 13:22:38.179452,Bank Transfer,3452.93,TXN-70845390,Completed
151,151,760,2024-06-02 16:00:02.179452,Debit Card,3280.94,TXN-53325981,Completed
152,152,388,2024-04-10 08:44:18.179452,Credit Card,-1902.81,TXN-53827193,Refunded
153,153,229,2025-08-28 20:15:24.179452,Debit Card,1417.39,TXN-52314652,Completed
154,154,619,2024-11-28 21:20:31.179452,Bank Transfer,1052.73,TXN-13417889,Pending
155,155,79,2025-06-29 23:03:06.179452,PayPal,81.03,TXN-63088171,Completed
156,156,735,2025-05-11 09:20:19.179452,Credit Card,1404.9,TXN-96385345,Completed
157,157,494,2024-09-20 03:02:41.179452,Bank Transfer,1805.46,TXN-15285691,Completed
158,158,421,2024-03-20 09:11:50.179452,Debit Card,0.0,TXN-76662806,Failed
159,159,138,2025-07-06 18:11:16.179452,Debit Card,934.04,TXN-30343371,Completed
160,160,185,2025-06-18 13:01:56.179452,Debit Card,1680.32,TXN-22329160,Completed
161,161,737,2024-04-17 15:51:10.179452,PayPal,1163.09,TXN-20892939,Pending
162,162,483,2025-04-06 22:42:47.179452,Gift Card,842.34,TXN-63762236,Completed
163,163,597,2024-09-23 17:11:31.179452,Gift Card,3156.89,TXN-96143448,Completed
164,164,703,2024-06-14 05:26:13.179452,Debit Card,529.21,TXN-83564403,Pending
165,165,388,2024-03-14 17:33:54.179452,Gift Card,435.27,TXN-31348733,Pending
166,166,517,2025-10-31 07:42:02.179452,Debit Card,290.09,TXN-42113655,Completed
167,167,630,2024-03-09 11:33:42.179452,Bank Transfer,1026.33,TXN-13251451,Completed
168,168,96,2024-05-23 20:44:32.179452,Debit Card,1274.55,TXN-74249118,Completed
169,169,794,2024-03-07 19:25:59.179452,Debit Card,2893.99,TXN-30485751,Completed
170,170,440,2024-11-01 13:29:11.179452,Bank Transfer,-194.53,TXN-52877063,Refunded
171,171,760,2024-07-14 01:11:15.179452,Gift Card,3398.7,TXN-12584460,Completed
172,172,86,2025-02-28 21:41:45.179452,Gift Card,1037.51,TXN-13155879,Completed
173,173,6,2024-05-12 00:11:22.179452,Gift Card,772.91,TXN-83823922,Completed
174,174,671,2025-07-17 20:08:38.179452,Bank Transfer,1360.89,TXN-14832588,Completed
175,175,159,2024-12-30 00:10:56.179452,Gift Card,762.72,TXN-10959975,Completed
176,176,434,2025-02-28 05:33:15.179452,Bank Transfer,427.07,TXN-59407992,Completed
177,177,424,2023-12-20 00:35:49.180463,Gift Card,155.03,TXN-38558624,Completed
178,178,315,2024-04-20 18:51:51.180463,Bank Transfer,4213.76,TXN-47771170,Completed
179,179,676,2024-10-05 10:02:28.180463,Bank Transfer,395.88,TXN-62132821,Completed
180,180,521,2024-08-15 09:10:38.180463,Bank Transfer,4184.54,TXN-44397081,Completed
181,181,724,2024-05-01 16:42:43.180463,PayPal,2269.18,TXN-62698234,Completed
182,182,149,2024-02-04 14:52:31.180463,Gift Card,179.78,TXN-13867816,Completed
183,183,228,2024-08-31 11:51:32.180463,Bank Transfer,950.59,TXN-64450900,Completed
184,184,411,2025-10-07 01:04:30.180463,Credit Card,1275.01,TXN-62002935,Completed
185,185,180,2024-03-18 12:58:33.180463,Debit Card,1191.46,TXN-36862689,Pending
186,186,531,2025-04-26 15:09:05.180463,PayPal,871.79,TXN-38768553,Pending
187,187,238,2024-03-12 20:28:46.180463,PayPal,0.0,TXN-72247467,Failed
188,188,162,2024-11-16 06:21:25.180463,Debit Card,336.85,TXN-86080861,Completed
189,189,416,2024-10-03 02:12:39.180463,Debit Card,0.0,TXN-78598598,Failed
190,190,563,2023-11-25 12:34:11.180463,Debit Card,762.18,TXN-34282556,Completed
191,191,284,2024-04-21 17:50:38.180463,Gift Card,0.0,TXN-62153213,Failed
192,192,589,2025-05-01 22:30:38.180463,Gift Card,753.18,TXN-90773970,Completed
193,193,75,2024-09-26 20:38:11.180463,Gift Card,937.11,TXN-85273310,Pending
194,194,551,2025-07-22 20:22:47.180463,Debit Card,3437.34,TXN-20425244,Completed
195,195,250,2024-10-23 18:33:49.180463,Credit Card,1694.02,TXN-93117917,Completed
196,196,29,2024-08-01 22:17:37.180463,PayPal,1361.6,TXN-10001272,Completed
197,197,226,2025-09-09 01:08:07.180463,Bank Transfer,2344.09,TXN-31406009,Completed
198,198,10,2024-09-20 02:12:43.180463,Debit Card,3984.32,TXN-96674066,Completed
199,199,351,2025-08-14 00:32:36.180463,PayPal,2621.49,TXN-20213902,Completed
200,200,224,2025-05-20 21:43:01.180463,Credit Card,1706.88,TXN-49925737,Completed
201,201,205,2023-12-16 08:08:39.180463,PayPal,1261.85,TXN-29037185,Pending
202,202,256,2025-02-17 07:32:22.180463,Credit Card,2618.64,TXN-95457740,Completed
203,203,693,2025-08-02 10:42:12.180463,Credit Card,4861.96,TXN-73955393,Completed
204,204,381,2024-05-09 13:31:45.180463,Credit Card,2158.41,TXN-41514701,Completed
205,205,783,2024-04-09 05:03:55.180463,Bank Transfer,320.12,TXN-46659499,Completed
206,206,434,2024-04-08 10:23:55.180463,Bank Transfer,717.82,TXN-74387599,Completed
207,207,703,2025-10-16 20:46:24.180463,Debit Card,4710.53,TXN-38920642,Completed
208,208,706,2025-07-18 20:12:02.180463,Gift Card,947.94,TXN-14012857,Completed
209,209,334,2025-04-16 01:15:12.180463,Gift Card,4212.99,TXN-65354646,Completed
210,210,243,2025-02-22 08:15:14.180463,Bank Transfer,176.91,TXN-15910104,Completed
211,211,511,2024-02-28 02:34:34.180463,PayPal,2016.72,TXN-74313267,Completed
212,212,411,2023-11-30 01:30:45.180463,Credit Card,5091.13,TXN-46502180,Completed
213,213,703,2024-04-09 10:17:36.180463,Debit Card,-3501.4,TXN-70128082,Refunded
214,214,391,2025-02-16 06:28:57.180463,Credit Card,297.4,TXN-85593030,Pending
215,215,181,2025-06-16 21:50:49.180463,Bank Transfer,697.13,TXN-75569067,Pending
216,216,324,2024-02-12 20:14:39.180463,Credit Card,2185.61,TXN-48455675,Pending
217,217,102,2024-04-21 18:23:37.180463,PayPal,722.54,TXN-71237842,Completed
218,218,99,2025-03-02 21:43:04.180463,Debit Card,840.38,TXN-60099110,Pending
219,219,571,2025-02-23 01:55:32.180463,Bank Transfer,3024.68,TXN-82580520,Completed
220,220,696,2024-09-24 10:39:14.180463,PayPal,2272.92,TXN-64626836,Completed
221,221,800,2024-01-21 15:26:02.180463,PayPal,2901.03,TXN-72744663,Completed
222,222,755,2023-12-27 20:29:00.180463,Debit Card,-383.23,TXN-76372099,Refunded
223,223,647,2024-10-22 16:43:30.180463,PayPal,489.41,TXN-67943314,Completed
224,224,628,2024-01-31 02:47:02.180463,Debit Card,1831.97,TXN-54668206,Completed
225,225,234,2025-09-07 12:11:15.180463,Gift Card,0.0,TXN-70501156,Failed
226,226,405,2025-01-25 05:19:46.180463,Debit Card,1174.43,TXN-15738577,Pending
227,227,462,2024-11-12 17:41:56.180463,Debit Card,335.48,TXN-90368575,Completed
228,228,678,2025-10-27 10:30:55.180463,Debit Card,1995.01,TXN-86999716,Completed
229,229,407,2023-11-29 12:09:10.180463,Gift Card,3606.12,TXN-20971412,Completed
230,230,790,2024-07-17 19:06:00.180463,Bank Transfer,1736.14,TXN-83014006,Pending
231,231,160,2025-08-21 11:17:02.180463,Bank Transfer,1215.82,TXN-10542306,Completed
232,232,756,2024-10-15 03:48:15.180463,Debit Card,1867.44,TXN-40438208,Completed
233,233,175,2025-07-10 10:17:18.180463,Gift Card,953.4,TXN-25692917,Completed
234,234,479,2024-11-16 03:13:40.180463,Bank Transfer,1774.49,TXN-63010703,Completed
235,235,612,2025-07-01 19:25:59.180463,Debit Card,1206.61,TXN-87446237,Completed
236,236,656,2024-02-04 18:32:02.180463,Credit Card,1028.83,TXN-40308351,Completed
237,237,92,2024-07-11 19:25:09.180463,Debit Card,3185.6,TXN-35277376,Completed
238,238,11,2024-09-22 05:36:31.180463,Credit Card,2391.62,TXN-76465010,Completed
239,239,548,2025-06-28 02:32:51.180463,PayPal,714.39,TXN-42458322,Completed
240,240,785,2024-06-30 21:41:54.180463,Debit Card,873.14,TXN-82741563,Pending
241,241,562,2024-03-14 06:38:59.180463,Credit Card,2699.95,TXN-12177011,Completed
242,242,168,2024-04-18 23:09:12.180463,Debit Card,1299.2,TXN-34926126,Completed
243,243,641,2025-04-08 05:29:35.180463,Credit Card,359.67,TXN-18995520,Pending
244,244,761,2024-02-26 05:10:11.180463,Gift Card,2430.96,TXN-57984755,Completed
245,245,114,2025-09-05 08:25:36.181463,Bank Transfer,1230.67,TXN-50294239,Completed
246,246,329,2025-02-10 16:23:39.181463,Debit Card,4771.01,TXN-50773548,Completed
247,247,105,2024-05-20 14:15:44.181463,Gift Card,1173.32,TXN-95257731,Completed
248,248,155,2024-08-23 14:46:09.181463,Gift Card,3301.76,TXN-14230279,Completed
249,249,511,2024-11-30 23:46:02.181463,Credit Card,1466.61,TXN-44330502,Completed
250,250,769,2025-10-16 03:02:38.181463,Bank Transfer,1633.69,TXN-23154252,Completed
251,251,186,2024-10-13 12:28:08.181463,Bank Transfer,2311.52,TXN-57117793,Completed
252,252,125,2025-03-08 01:10:30.181463,Gift Card,0.0,TXN-13667919,Failed
253,253,35,2024-08-21 06:04:08.181463,Credit Card,47.66,TXN-73736212,Completed
254,254,214,2025-08-09 20:05:38.181463,Credit Card,1662.4,TXN-42935623,Completed
255,255,746,2025-01-04 03:18:20.181463,Credit Card,2121.38,TXN-71026948,Completed
256,256,493,2024-05-02 20:06:06.181463,Debit Card,1346.35,TXN-91014992,Completed
257,257,242,2025-09-22 07:08:19.181463,PayPal,-1426.44,TXN-51582474,Refunded
258,258,406,2025-06-01 05:00:56.181463,Gift Card,802.68,TXN-39065567,Completed
259,259,487,2025-10-01 17:54:42.181463,Credit Card,3849.35,TXN-27231429,Completed
260,260,94,2025-08-20 06:00:44.181463,Credit Card,1799.11,TXN-77953702,Completed
261,261,661,2024-02-17 12:52:53.181463,Debit Card,1649.48,TXN-72166964,Completed
262,262,325,2025-08-01 10:29:12.181463,Gift Card,1820.76,TXN-81895460,Completed
263,263,387,2024-08-22 08:02:32.181463,PayPal,1912.64,TXN-88606097,Completed
264,264,449,2025-03-07 13:37:49.181463,Gift Card,272.04,TXN-33342969,Completed
265,265,557,2024-07-03 08:09:30.181463,Debit Card,0.0,TXN-15344079,Failed
266,266,614,2024-07-25 05:02:37.181463,Gift Card,2353.88,TXN-24720271,Completed
267,267,270,2025-06-08 22:42:23.181463,Debit Card,1756.64,TXN-74712566,Completed
268,268,190,2024-01-30 20:38:48.181463,Gift Card,376.73,TXN-97761151,Completed
269,269,739,2024-11-09 16:29:14.181463,Credit Card,0.0,TXN-50570882,Failed
270,270,700,2024-05-14 00:57:35.181463,Bank Transfer,3984.2,TXN-76216456,Completed
271,271,420,2025-06-12 16:44:52.181463,Credit Card,290.68,TXN-23628162,Completed
272,272,133,2024-05-28 15:04:42.181463,Bank Transfer,345.34,TXN-85533812,Completed
273,273,102,2025-04-25 11:10:13.181463,PayPal,3305.11,TXN-67710061,Completed
274,274,639,2024-10-16 15:06:49.181463,PayPal,2946.91,TXN-95205708,Completed
275,275,14,2025-04-04 17:00:21.181463,Gift Card,2618.57,TXN-14501241,Completed
276,276,63,2025-08-28 22:01:35.181463,Gift Card,1704.2,TXN-18984340,Completed
277,277,60,2024-09-17 01:37:50.181463,PayPal,243.11,TXN-73703158,Completed
278,278,222,2025-09-04 04:00:11.181463,Debit Card,3576.83,TXN-26241805,Completed
279,279,198,2025-03-22 19:42:39.181463,Bank Transfer,100.03,TXN-35070625,Completed
280,280,426,2025-05-17 18:44:11.181463,Bank Transfer,4322.78,TXN-60105741,Completed
281,281,720,2024-04-06 02:02:06.181463,Credit Card,4451.84,TXN-98082088,Completed
282,282,517,2025-05-31 08:30:00.181463,Credit Card,1367.27,TXN-85117177,Completed
283,283,361,2024-05-17 17:13:32.181463,Debit Card,629.47,TXN-50311369,Completed
284,284,649,2024-12-22 01:32:02.181463,Gift Card,1759.91,TXN-11502382,Completed
285,285,559,2024-12-21 16:54:59.181463,Credit Card,1277.92,TXN-25133395,Completed
286,286,464,2024-05-02 05:49:01.181463,Bank Transfer,2608.51,TXN-81205095,Completed
287,287,611,2025-11-15 13:48:21.181463,PayPal,2787.58,TXN-42705658,Completed
288,288,228,2025-01-10 14:49:44.181463,Debit Card,0.0,TXN-99125450,Failed
289,289,524,2025-10-26 05:01:14.181463,Debit Card,2380.39,TXN-23293865,Completed
290,290,272,2024-08-04 02:07:08.181463,Bank Transfer,2134.32,TXN-19518525,Completed
291,291,308,2025-03-05 06:35:05.181463,Bank Transfer,272.53,TXN-29515608,Completed
292,292,741,2024-04-11 07:09:05.181463,Gift Card,0.0,TXN-78905312,Failed
293,293,707,2025-05-20 21:17:25.181463,Bank Transfer,-1185.04,TXN-32110051,Refunded
294,294,591,2025-01-14 13:42:26.181463,PayPal,868.77,TXN-40244897,Completed
295,295,445,2025-09-21 02:53:35.181463,Credit Card,681.12,TXN-67964749,Pending
296,296,617,2025-07-16 06:48:48.181463,Gift Card,298.68,TXN-13713165,Completed
297,297,537,2024-02-11 01:08:31.181463,PayPal,1594.32,TXN-62449097,Completed
298,298,715,2024-04-16 09:37:19.181463,Debit Card,883.96,TXN-74339388,Completed
299,299,771,2023-12-30 00:45:49.181463,Gift Card,4282.11,TXN-96710149,Completed
300,300,345,2025-01-27 00:42:40.181463,Debit Card,0.0,TXN-42392187,Failed
301,301,88,2025-09-26 19:06:37.181463,Gift Card,2648.3,TXN-20073766,Completed
302,302,493,2023-12-01 10:19:16.181463,Gift Card,1604.45,TXN-18903195,Completed
303,303,631,2024-01-21 18:15:59.181463,Debit Card,1370.68,TXN-96087267,Completed
304,304,590,2025-02-16 23:24:35.181463,Gift Card,138.48,TXN-47692831,Completed
305,305,196,2024-09-18 23:38:50.181463,PayPal,720.36,TXN-81845535,Completed
306,306,174,2024-01-15 14:11:12.181463,Gift Card,1904.78,TXN-78644309,Completed
307,307,46,2024-08-23 16:22:43.181463,Bank Transfer,862.72,TXN-85187117,Completed
308,308,88,2024-11-01 09:23:18.181463,Bank Transfer,0.0,TXN-98719102,Failed
309,309,295,2025-03-11 16:27:28.181463,Gift Card,1569.75,TXN-55241475,Pending
310,310,24,2025-07-27 03:57:32.181463,PayPal,1526.12,TXN-81503033,Completed
311,311,536,2024-05-18 07:21:14.181463,Credit Card,770.34,TXN-43768232,Completed
312,312,685,2024-02-18 09:55:18.181463,PayPal,3346.21,TXN-89783556,Completed
313,313,175,2024-01-06 19:53:16.181463,PayPal,466.97,TXN-42133709,Completed
314,314,477,2023-12-03 16:34:07.181463,PayPal,2441.84,TXN-35749206,Completed
315,315,676,2024-01-12 05:11:23.181463,Gift Card,179.12,TXN-47382608,Pending
316,316,665,2025-10-29 04:25:07.181463,Debit Card,1714.48,TXN-92282678,Completed
317,317,102,2024-10-21 20:33:09.181463,PayPal,0.0,TXN-35496811,Failed
318,318,204,2024-03-14 19:42:52.181463,Bank Transfer,987.16,TXN-84209410,Completed
319,319,543,2023-11-19 14:17:08.181463,Bank Transfer,882.84,TXN-79808342,Completed
320,320,701,2024-10-13 09:21:06.181463,PayPal,2110.74,TXN-95710818,Completed
321,321,514,2025-01-13 06:28:05.181463,PayPal,660.96,TXN-34572290,Completed
322,322,31,2024-02-16 05:41:10.181463,PayPal,0.0,TXN-42968412,Failed
323,323,90,2024-12-05 00:45:53.181463,PayPal,1998.72,TXN-86261088,Completed
324,324,703,2023-12-22 16:46:10.181463,Debit Card,1271.91,TXN-44188706,Completed
325,325,320,2024-04-09 09:30:23.181463,Credit Card,57.44,TXN-60541298,Completed
326,326,595,2025-07-06 07:32:24.181463,Credit Card,1267.44,TXN-18931707,Pending
327,327,441,2025-01-03 19:59:48.181463,Gift Card,1832.5,TXN-71036929,Completed
328,328,571,2024-04-19 09:18:49.181463,Bank Transfer,0.0,TXN-47190613,Failed
329,329,424,2025-06-21 13:59:40.181463,Debit Card,1712.15,TXN-45661812,Completed
330,330,193,2024-02-04 05:05:57.181463,Gift Card,2010.23,TXN-89896025,Completed
331,331,621,2025-10-21 16:47:11.181463,Gift Card,783.29,TXN-52029205,Completed
332,332,705,2025-03-24 14:07:06.181463,Credit Card,2067.47,TXN-58497553,Completed
333,333,383,2024-03-04 22:00:03.182452,Credit Card,1241.34,TXN-19432819,Pending
334,334,198,2024-07-02 21:48:56.182452,Bank Transfer,4110.92,TXN-46025956,Completed
335,335,228,2025-10-30 05:14:34.182452,Gift Card,1691.08,TXN-37500238,Completed
336,336,450,2025-09-13 08:37:15.182452,Bank Transfer,1780.11,TXN-18036942,Completed
337,337,795,2024-08-05 06:04:58.182452,Bank Transfer,1281.15,TXN-47201638,Completed
338,338,761,2024-10-22 03:40:32.182452,Debit Card,1360.39,TXN-39586634,Completed
339,339,44,2024-08-12 22:25:58.182452,PayPal,5417.66,TXN-84170836,Completed
340,340,529,2024-10-06 13:38:20.182452,Debit Card,1895.47,TXN-13080842,Completed
341,341,793,2024-08-23 00:34:33.182452,Debit Card,2384.08,TXN-33064287,Completed
342,342,56,2024-09-11 04:20:54.182452,Debit Card,257.21,TXN-82707256,Pending
343,343,513,2024-01-23 22:37:20.182452,Credit Card,1198.23,TXN-86670571,Completed
344,344,424,2024-03-26 19:10:26.182452,Gift Card,1210.64,TXN-26718600,Completed
345,345,730,2025-05-17 22:33:00.182452,Debit Card,2023.23,TXN-42483979,Completed
346,346,665,2025-08-15 05:57:46.182452,Debit Card,1535.47,TXN-39573751,Completed
347,347,461,2025-07-11 11:44:52.182452,Debit Card,3402.67,TXN-51405395,Completed
348,348,524,2023-11-25 01:05:01.182452,Gift Card,2113.7,TXN-69883280,Completed
349,349,344,2024-10-21 13:28:10.182452,Credit Card,506.19,TXN-64832587,Completed
350,350,53,2025-06-22 08:33:20.182452,Debit Card,616.18,TXN-61603430,Completed
351,351,121,2024-08-18 04:33:13.182452,Credit Card,0.0,TXN-82647307,Failed
352,352,13,2025-11-11 16:24:04.182452,Gift Card,844.41,TXN-68606209,Pending
353,353,623,2024-06-25 19:16:47.182452,PayPal,49.69,TXN-53228848,Pending
354,354,453,2024-03-25 21:44:52.182452,Bank Transfer,4662.36,TXN-62063146,Completed
355,355,285,2025-11-12 06:09:29.182452,Debit Card,1222.07,TXN-60057985,Pending
356,356,38,2025-06-16 13:03:47.182452,Bank Transfer,2715.3,TXN-60689240,Completed
357,357,306,2024-01-03 18:01:13.182452,Debit Card,2659.74,TXN-39249849,Completed
358,358,183,2025-09-28 11:06:12.182452,PayPal,3557.83,TXN-43388761,Completed
359,359,576,2024-02-28 17:24:21.182452,Gift Card,975.16,TXN-90589106,Completed
360,360,96,2024-04-01 01:57:14.182452,Bank Transfer,0.0,TXN-42758909,Failed
361,361,564,2024-10-22 12:36:15.182452,Gift Card,504.33,TXN-12936591,Completed
362,362,282,2025-07-02 10:37:31.182452,PayPal,561.82,TXN-61133053,Completed
363,363,627,2024-05-29 07:25:40.182452,Gift Card,2871.29,TXN-66926814,Completed
364,364,496,2024-02-10 19:48:34.182452,PayPal,3966.0,TXN-40676379,Completed
365,365,639,2024-12-27 05:36:50.182452,Gift Card,1398.2,TXN-31219581,Completed
366,366,747,2024-02-27 18:34:59.182452,Bank Transfer,3559.02,TXN-90410541,Completed
367,367,298,2025-05-14 16:52:48.182452,Credit Card,3435.63,TXN-61196558,Completed
368,368,121,2025-10-21 22:08:31.182452,Credit Card,611.78,TXN-31307557,Completed
369,369,359,2024-09-20 23:59:35.182452,Bank Transfer,2861.45,TXN-16719620,Completed
370,370,70,2025-04-26 04:48:51.182452,PayPal,791.76,TXN-70814164,Completed
371,371,117,2024-05-01 03:16:27.182452,Gift Card,2000.6,TXN-47381443,Completed
372,372,180,2024-04-11 16:38:25.182452,Debit Card,0.0,TXN-64957378,Failed
373,373,37,2024-12-06 21:37:27.182452,Credit Card,1412.86,TXN-41113767,Completed
374,374,550,2024-02-14 22:17:50.182452,Credit Card,0.0,TXN-86854285,Failed
375,375,307,2024-09-22 13:01:42.182452,Debit Card,1698.59,TXN-48687319,Completed
376,376,340,2025-10-29 07:29:07.182452,Debit Card,1.66,TXN-41708297,Completed
377,377,348,2025-06-16 04:51:24.182452,Bank Transfer,15.66,TXN-20341136,Completed
378,378,192,2025-05-28 18:16:45.182452,PayPal,21.61,TXN-33988814,Completed
379,379,279,2025-01-06 03:37:02.182452,Bank Transfer,2.17,TXN-59517025,Completed
380,380,310,2025-03-17 01:32:20.182452,Bank Transfer,13.13,TXN-35072772,Completed
381,381,39,2025-05-19 10:58:54.182452,PayPal,22.83,TXN-33057873,Completed
382,382,495,2024-08-20 20:38:43.182452,Credit Card,2.38,TXN-77231416,Pending
383,383,336,2024-07-06 20:00:12.182452,Gift Card,19.24,TXN-28112562,Completed
384,384,136,2025-08-08 20:16:32.182452,Debit Card,18.11,TXN-27755795,Completed
385,385,535,2024-08-05 00:57:23.182452,PayPal,0.1,TXN-87022789,Completed
386,386,342,2025-10-02 17:25:50.182452,Debit Card,11.12,TXN-71061571,Pending
387,387,764,2025-07-31 20:06:51.182452,Debit Card,0.56,TXN-31754935,Completed
388,388,329,2024-12-29 15:48:29.182452,Credit Card,4.81,TXN-60657139,Completed
389,389,452,2025-02-05 19:41:18.182452,Gift Card,6.82,TXN-80986823,Completed
390,390,638,2025-06-11 05:06:18.182452,Gift Card,2.58,TXN-83862129,Pending
391,391,145,2024-11-23 19:03:58.182452,Bank Transfer,14.35,TXN-72628704,Completed
392,392,347,2025-05-27 12:28:27.182452,PayPal,-1.27,TXN-91271137,Refunded
393,393,52,2025-10-20 21:55:44.182452,Gift Card,9.59,TXN-43746338,Completed
394,394,722,2025-08-20 23:32:27.182452,Debit Card,15.41,TXN-77531991,Completed
395,395,731,2024-12-31 02:58:05.182452,Credit Card,0.0,TXN-37768710,Failed
396,396,716,2024-07-27 18:23:43.182452,PayPal,2.43,TXN-25507005,Completed
397,397,477,2025-01-03 15:36:19.182452,Gift Card,5.79,TXN-60458379,Completed
398,398,632,2025-03-30 09:50:07.182452,PayPal,22.82,TXN-75393775,Completed
399,399,682,2024-10-09 08:23:32.182452,Debit Card,19.72,TXN-68456858,Completed
400,400,67,2024-12-17 22:33:52.182452,Gift Card,1.41,TXN-89246161,Pending
401,401,290,2024-07-16 22:16:29.182452,Debit Card,7.55,TXN-97116877,Pending
402,402,732,2025-07-09 20:34:27.182452,Debit Card,4.08,TXN-29101240,Pending
403,403,546,2024-01-20 12:29:08.182452,Gift Card,10.02,TXN-43946341,Completed
404,404,562,2024-09-20 06:22:54.182452,Gift Card,24.35,TXN-59870894,Completed
405,405,711,2024-10-20 12:39:46.182452,Debit Card,0.0,TXN-65807734,Failed
406,406,558,2024-08-26 18:24:59.182452,Debit Card,-4.33,TXN-95902415,Refunded
407,407,729,2024-01-01 12:13:55.182452,PayPal,0.0,TXN-17129557,Failed
408,408,100,2024-03-16 22:12:50.182452,Gift Card,4.4,TXN-20485555,Completed
409,409,702,2024-09-27 12:32:01.182452,Bank Transfer,8.19,TXN-84035401,Completed
410,410,143,2024-01-27 12:49:46.182452,Credit Card,18.93,TXN-57309391,Completed
411,411,299,2024-01-10 09:38:06.182452,Bank Transfer,15.39,TXN-32272814,Completed
412,412,325,2024-08-14 07:56:38.182452,Debit Card,14.26,TXN-85375348,Completed
413,413,446,2023-12-20 03:58:47.182452,Bank Transfer,24.76,TXN-39352584,Completed
414,414,523,2024-03-30 14:46:20.182452,Credit Card,21.19,TXN-70177680,Completed
415,415,563,2025-01-21 12:47:44.182452,Gift Card,0.02,TXN-56563585,Completed
416,416,289,2024-04-22 01:59:18.182452,PayPal,5.88,TXN-16833876,Completed
417,417,326,2023-11-29 17:34:51.183454,Credit Card,5.08,TXN-68840762,Pending
418,418,178,2024-08-28 19:13:15.183454,Bank Transfer,1.74,TXN-14852765,Pending
419,419,369,2024-04-29 01:03:55.183454,Bank Transfer,3.86,TXN-77907156,Completed
420,420,74,2023-12-30 10:29:49.183454,Gift Card,3.6,TXN-54312259,Completed
421,421,140,2024-07-06 15:06:49.183454,PayPal,3.43,TXN-29320840,Completed
422,422,713,2024-09-15 22:27:52.183454,Credit Card,15.58,TXN-92795474,Completed
423,423,461,2024-08-08 20:31:14.183454,Debit Card,8.88,TXN-15622602,Completed
424,424,592,2025-05-07 23:36:09.183454,Debit Card,21.17,TXN-36104468,Completed
425,425,560,2025-03-17 20:48:02.183454,Gift Card,0.84,TXN-30353642,Completed
426,426,378,2025-10-10 18:22:56.183454,PayPal,14.51,TXN-38268399,Completed
427,427,749,2023-12-08 12:09:10.183454,Debit Card,11.62,TXN-15027929,Completed
428,428,91,2025-08-28 20:00:47.183454,Credit Card,11.81,TXN-39406359,Completed
429,429,553,2024-01-06 12:13:30.183454,Gift Card,15.33,TXN-25332633,Completed
430,430,481,2024-11-30 19:35:17.183454,PayPal,12.82,TXN-92785273,Completed
431,431,432,2024-07-23 18:10:14.183454,Gift Card,24.01,TXN-44639362,Completed
432,432,712,2025-01-21 04:32:17.183454,PayPal,18.17,TXN-94761786,Completed
433,433,485,2024-04-20 05:35:08.183454,Debit Card,14.32,TXN-99624137,Completed
434,434,640,2024-01-17 04:26:44.183454,Bank Transfer,7.17,TXN-79799698,Completed
435,435,285,2025-08-26 10:27:02.183454,Debit Card,3.31,TXN-40359901,Completed
436,436,15,2025-02-03 05:02:51.183454,Gift Card,7.55,TXN-46532526,Pending
437,437,379,2024-03-23 09:33:55.183454,PayPal,6.53,TXN-76957784,Completed
438,438,541,2023-12-01 06:28:06.183454,Credit Card,-8.57,TXN-89415669,Refunded
439,439,158,2025-08-22 09:47:10.183454,Credit Card,18.82,TXN-29860461,Completed
440,440,451,2024-09-19 01:07:02.183454,Debit Card,5.27,TXN-72323676,Completed
441,441,774,2024-11-26 13:05:24.183454,Bank Transfer,0.0,TXN-77893186,Failed
442,442,488,2024-08-01 00:33:00.183454,Gift Card,9.5,TXN-66276356,Completed
443,443,149,2023-11-25 00:51:57.183454,Credit Card,0.3,TXN-42547019,Completed
444,444,543,2024-08-15 01:09:34.183454,Credit Card,2.43,TXN-52138595,Completed
445,445,443,2024-05-18 15:51:36.183454,Gift Card,0.0,TXN-64482291,Failed
446,446,599,2025-02-15 11:29:23.183454,Gift Card,5.76,TXN-73508357,Pending
447,447,603,2023-12-26 06:15:52.183454,PayPal,-13.0,TXN-25868079,Refunded
448,448,11,2023-12-25 08:31:02.183454,Gift Card,20.79,TXN-63196481,Completed
449,449,107,2025-11-05 00:05:41.183454,Gift Card,8.79,TXN-41556108,Completed
450,450,25,2025-02-01 05:53:48.183454,Debit Card,1.42,TXN-55112093,Completed
451,451,223,2024-03-17 15:09:42.183454,Bank Transfer,17.7,TXN-60579634,Completed
452,452,134,2025-07-15 11:55:22.183454,Credit Card,0.0,TXN-21047495,Failed
453,453,190,2024-01-20 18:27:29.183454,Debit Card,8.7,TXN-82527294,Pending
454,454,78,2025-02-28 04:20:35.183454,Debit Card,23.07,TXN-16893126,Completed
455,455,684,2025-02-04 23:31:19.183454,Credit Card,6.43,TXN-27915825,Completed
456,456,392,2025-09-02 04:58:20.183454,PayPal,8.32,TXN-99396822,Completed
457,457,272,2025-09-14 05:39:57.183454,Debit Card,11.01,TXN-51576275,Completed
458,458,183,2024-06-29 07:45:42.183454,Bank Transfer,2.71,TXN-21052264,Completed
459,459,659,2024-05-13 23:21:59.183454,Credit Card,-22.82,TXN-35803109,Refunded
460,460,73,2025-02-25 11:18:26.183454,Gift Card,9.71,TXN-24433569,Pending
461,461,656,2025-10-27 20:56:50.183454,Bank Transfer,23.32,TXN-80610268,Completed
462,462,717,2024-01-08 00:51:03.183454,PayPal,22.62,TXN-28604725,Completed
463,463,790,2024-04-09 14:55:59.183454,PayPal,11.95,TXN-31125070,Completed
464,464,4,2024-10-02 12:30:56.183454,Bank Transfer,23.85,TXN-22901033,Completed
465,465,368,2024-07-10 10:39:18.183454,PayPal,17.05,TXN-14299495,Completed
466,466,663,2024-10-02 13:03:30.183454,Debit Card,9.13,TXN-73439392,Completed
467,467,779,2024-12-03 12:08:19.183454,Bank Transfer,8.1,TXN-51124145,Pending
468,468,394,2025-05-22 18:52:48.183454,Gift Card,7.47,TXN-66098929,Completed
469,469,368,2024-10-12 11:10:50.183454,PayPal,1.06,TXN-99423281,Pending
470,470,144,2024-02-06 23:07:17.183454,Gift Card,4.83,TXN-29960983,Completed
471,471,65,2024-03-17 06:23:06.183454,Credit Card,12.49,TXN-17885034,Completed
472,472,58,2024-08-11 14:28:13.183454,Debit Card,19.69,TXN-24451825,Completed
473,473,670,2025-10-03 00:18:14.183454,Debit Card,-23.5,TXN-19857239,Refunded
474,474,239,2024-05-16 09:38:41.183454,PayPal,0.92,TXN-87748344,Completed
475,475,483,2025-06-25 21:16:04.183454,Gift Card,6.07,TXN-65013238,Completed
476,476,648,2024-01-25 10:18:55.183454,Bank Transfer,22.62,TXN-88875839,Completed
477,477,606,2025-08-11 22:27:31.183454,Debit Card,20.45,TXN-73515624,Completed
478,478,631,2025-07-31 10:54:39.183454,Debit Card,1.58,TXN-62451520,Completed
479,479,756,2025-04-20 23:33:00.183454,Credit Card,8.11,TXN-14211686,Completed
480,480,330,2023-12-16 18:05:51.183454,Gift Card,9.55,TXN-35039993,Pending
481,481,124,2024-03-20 08:45:10.183454,Gift Card,1.76,TXN-53430116,Pending
482,482,567,2024-09-17 08:56:58.183454,Gift Card,10.97,TXN-98369598,Completed
483,483,648,2024-04-02 13:35:10.183454,Debit Card,19.44,TXN-10998405,Completed
484,484,8,2025-10-29 21:20:17.183454,PayPal,0.0,TXN-65807870,Failed
485,485,291,2023-11-23 15:20:18.183454,Debit Card,17.34,TXN-15640563,Completed
486,486,656,2024-07-16 10:26:52.183454,Bank Transfer,0.0,TXN-91057016,Failed
487,487,626,2024-09-21 06:21:25.183454,Debit Card,14.91,TXN-34228034,Completed
488,488,643,2024-06-20 16:47:02.183454,PayPal,8.7,TXN-56031713,Completed
489,489,121,2025-11-11 18:45:44.183454,PayPal,7.74,TXN-10367395,Pending
490,490,789,2024-05-14 20:35:20.183454,Debit Card,6.91,TXN-38328230,Completed
491,491,702,2025-05-05 10:57:55.183454,Bank Transfer,12.44,TXN-46701305,Completed
492,492,373,2025-06-08 13:29:53.184457,Bank Transfer,5.24,TXN-92203497,Completed
493,493,777,2025-03-03 02:53:48.184457,Gift Card,0.0,TXN-15291565,Failed
494,494,30,2025-09-26 19:30:12.184457,Bank Transfer,12.87,TXN-83433630,Completed
495,495,607,2025-09-06 06:30:03.184457,Credit Card,10.48,TXN-48183020,Completed
496,496,113,2023-12-25 03:12:36.184457,Bank Transfer,5.69,TXN-94160250,Completed
497,497,385,2025-03-17 00:02:45.184457,Gift Card,-1.84,TXN-66001691,Refunded
498,498,447,2024-03-28 21:25:52.184457,Bank Transfer,0.0,TXN-40996944,Failed
499,499,383,2024-03-03 22:30:08.184457,Debit Card,0.0,TXN-70300178,Failed
500,500,277,2025-05-04 16:03:24.184457,Credit Card,8.4,TXN-40799334,Completed
501,501,140,2025-10-16 18:21:48.184457,PayPal,21.29,TXN-62990847,Completed
502,502,352,2024-08-05 23:50:27.184457,Debit Card,22.16,TXN-15441743,Completed
503,503,654,2024-03-09 09:21:34.184457,Debit Card,14.45,TXN-63281778,Completed
504,504,535,2024-04-27 06:42:17.184457,Credit Card,21.55,TXN-46726628,Completed
505,505,474,2025-04-10 17:31:45.184457,Gift Card,0.36,TXN-12193574,Completed
506,506,445,2024-09-07 06:05:15.184457,PayPal,22.3,TXN-90563516,Completed
507,507,6,2024-03-22 09:38:39.184457,Bank Transfer,24.5,TXN-38644016,Completed
508,508,517,2025-10-07 21:55:55.184457,PayPal,10.64,TXN-25552030,Completed
509,509,714,2024-10-09 21:37:06.184457,Bank Transfer,0.0,TXN-54102252,Failed
510,510,13,2025-03-18 12:02:34.184457,Debit Card,23.75,TXN-11907415,Completed
511,511,664,2025-07-02 02:01:08.184457,PayPal,0.4,TXN-96817795,Completed
512,512,471,2024-01-02 03:58:09.184457,Credit Card,24.41,TXN-23349287,Completed
513,513,416,2024-08-02 10:01:15.184457,PayPal,19.75,TXN-32685833,Completed
514,514,649,2024-11-04 16:14:47.184457,PayPal,21.51,TXN-65777619,Completed
515,515,341,2025-09-06 01:03:18.184457,Debit Card,7.41,TXN-31999265,Completed
516,516,213,2025-02-12 16:46:03.184457,PayPal,15.51,TXN-82788896,Completed
517,517,691,2024-12-11 13:04:20.184457,Credit Card,22.2,TXN-20230849,Completed
518,518,634,2025-07-24 01:07:30.184457,Credit Card,-9.14,TXN-42152047,Refunded
519,519,69,2025-05-20 15:28:07.184457,Debit Card,3.46,TXN-25216365,Completed
520,520,665,2024-12-09 06:22:46.184457,Credit Card,9.21,TXN-77171016,Pending
521,521,780,2024-04-03 07:25:46.184457,Gift Card,4.0,TXN-78555677,Pending
522,522,284,2025-02-18 20:44:01.184457,Bank Transfer,1.58,TXN-47352869,Completed
523,523,540,2024-11-27 22:35:46.184457,Credit Card,5.88,TXN-57411092,Pending
524,524,463,2024-05-19 19:40:02.184457,Bank Transfer,20.0,TXN-43591464,Completed
525,525,469,2023-12-10 12:40:43.184457,Credit Card,2.0,TXN-18513830,Completed
526,526,79,2025-05-17 04:34:07.184457,Debit Card,4.12,TXN-80073291,Completed
527,527,210,2025-07-27 09:40:52.184457,Debit Card,3.67,TXN-74248731,Pending
528,528,486,2023-12-21 19:21:18.184457,PayPal,-10.5,TXN-13998226,Refunded
529,529,65,2024-01-27 14:17:09.184457,Gift Card,21.79,TXN-23900847,Completed
530,530,422,2025-03-24 20:08:57.184457,Debit Card,8.2,TXN-32484558,Pending
531,531,714,2024-12-19 21:22:04.184457,Gift Card,11.45,TXN-88699165,Completed
532,532,314,2024-04-13 10:15:49.184457,Debit Card,19.73,TXN-98184498,Completed
533,533,296,2025-03-29 21:26:14.184457,Bank Transfer,0.0,TXN-71452014,Failed
534,534,634,2025-01-31 22:28:05.184457,PayPal,17.8,TXN-36724504,Completed
535,535,726,2025-01-26 08:25:53.184457,Gift Card,0.0,TXN-35243741,Failed
536,536,589,2025-07-20 13:34:11.184457,Credit Card,11.02,TXN-99198449,Completed
537,537,725,2024-11-06 08:21:02.184457,PayPal,0.0,TXN-65771986,Failed
538,538,553,2024-11-27 09:40:53.184457,PayPal,13.34,TXN-72207404,Completed
539,539,512,2025-07-13 14:09:38.184457,Bank Transfer,23.69,TXN-79862230,Completed
540,540,757,2024-12-22 09:23:10.184457,Bank Transfer,16.18,TXN-28222781,Completed
541,541,773,2025-01-19 21:48:48.184457,Bank Transfer,19.99,TXN-55728427,Completed
542,542,750,2024-08-19 02:44:12.184457,PayPal,22.5,TXN-43022604,Completed
543,543,26,2025-06-27 19:00:29.184457,PayPal,15.44,TXN-15226275,Completed
544,544,335,2025-04-02 22:49:50.184457,PayPal,0.0,TXN-99231121,Failed
545,545,786,2025-04-29 17:49:33.184457,PayPal,-4.89,TXN-60946520,Refunded
546,546,694,2025-08-22 19:27:54.184457,PayPal,-24.4,TXN-65301707,Refunded
547,547,618,2024-10-11 07:59:18.184457,PayPal,-22.71,TXN-20081316,Refunded
548,548,438,2024-11-15 00:35:36.184457,PayPal,9.65,TXN-64609285,Completed
549,549,316,2025-11-04 04:42:15.184457,PayPal,21.86,TXN-34800234,Completed
550,550,455,2025-08-18 07:12:53.184457,Bank Transfer,20.09,TXN-90920728,Completed
551,551,435,2025-01-23 09:06:16.184457,PayPal,3.49,TXN-25216825,Completed
552,552,213,2024-03-24 17:17:52.184457,PayPal,11.87,TXN-52723076,Completed
553,553,605,2024-05-27 02:51:21.184457,Bank Transfer,0.0,TXN-38495828,Failed
554,554,425,2024-09-20 15:48:35.184457,Debit Card,13.9,TXN-16587232,Completed
555,555,141,2023-11-21 18:23:27.184457,Bank Transfer,4.65,TXN-20692205,Completed
556,556,44,2024-10-24 04:31:44.184457,Bank Transfer,10.43,TXN-83291553,Pending
557,557,475,2025-01-10 21:04:42.184457,PayPal,0.67,TXN-23480253,Completed
558,558,656,2025-11-12 09:27:36.184457,PayPal,0.0,TXN-66394418,Failed
559,559,504,2024-01-05 04:35:37.184457,PayPal,0.71,TXN-16986498,Completed
560,560,69,2025-02-03 21:06:59.184457,Bank Transfer,14.53,TXN-10538139,Completed
561,561,644,2024-04-16 23:11:28.184457,Credit Card,24.36,TXN-72978060,Completed
562,562,590,2025-07-18 01:28:48.184457,Bank Transfer,10.56,TXN-24346658,Pending
563,563,328,2025-06-04 17:53:26.184457,Bank Transfer,21.96,TXN-43229057,Completed
564,564,280,2025-06-30 02:03:21.184457,Debit Card,10.49,TXN-97038284,Completed
565,565,543,2024-11-20 13:17:39.185460,Credit Card,0.0,TXN-94669760,Failed
566,566,614,2024-02-13 08:23:46.185460,Debit Card,6.79,TXN-27000208,Pending
567,567,715,2024-12-31 04:06:22.185460,Bank Transfer,2.4,TXN-42022542,Completed
568,568,14,2024-03-31 02:15:56.185460,Bank Transfer,-12.95,TXN-46683639,Refunded
569,569,167,2024-11-02 21:24:48.185460,Debit Card,5.45,TXN-76122740,Completed
570,570,573,2024-06-17 07:01:03.185460,Gift Card,10.43,TXN-38320949,Completed
571,571,18,2025-08-31 10:49:26.185460,Debit Card,8.71,TXN-80837586,Completed
572,572,453,2023-12-09 01:52:02.185460,Gift Card,4.31,TXN-89291824,Completed
573,573,122,2025-01-11 14:01:15.185460,PayPal,3.22,TXN-46152919,Completed
574,574,315,2023-12-05 09:53:05.185460,Gift Card,5.25,TXN-44225424,Completed
575,575,115,2025-08-28 23:36:04.185460,Credit Card,0.47,TXN-25382790,Completed
576,576,111,2024-07-07 23:22:00.185460,PayPal,19.83,TXN-27205509,Completed
577,577,122,2024-06-11 17:28:16.185460,Bank Transfer,1.08,TXN-26103071,Completed
578,578,127,2025-01-11 14:41:38.185460,Debit Card,-14.69,TXN-15396384,Refunded
579,579,30,2025-04-25 08:20:25.185460,Credit Card,3.64,TXN-19690419,Completed
580,580,165,2025-02-03 17:57:35.185460,Debit Card,12.62,TXN-47117787,Completed
581,581,782,2025-09-10 11:27:35.185460,Credit Card,-13.22,TXN-97490228,Refunded
582,582,773,2025-05-02 04:48:21.185460,Credit Card,24.34,TXN-65479681,Completed
583,583,725,2025-08-06 07:16:33.185460,Gift Card,9.16,TXN-29378852,Completed
584,584,110,2024-03-26 08:19:40.185460,Credit Card,20.87,TXN-59493703,Completed
585,585,234,2024-10-24 23:37:38.185460,Gift Card,2.82,TXN-98519306,Completed
586,586,533,2024-12-30 10:34:02.185460,Gift Card,12.4,TXN-99002424,Completed
587,587,42,2024-11-15 04:34:20.185460,Debit Card,8.2,TXN-37753738,Completed
588,588,615,2025-07-20 01:03:30.185460,Debit Card,17.18,TXN-75755054,Completed
589,589,298,2024-08-19 06:50:39.185460,Gift Card,4.72,TXN-16567733,Completed
590,590,377,2025-09-06 21:44:57.185460,Gift Card,0.32,TXN-31287616,Completed
591,591,406,2023-12-24 21:10:03.185460,Gift Card,13.07,TXN-80367938,Completed
592,592,405,2023-12-26 11:58:23.185460,Credit Card,17.38,TXN-48548665,Completed
593,593,204,2025-08-04 08:55:30.185460,Debit Card,5.01,TXN-67197191,Completed
594,594,435,2024-09-30 10:35:54.185460,Bank Transfer,3.48,TXN-18763750,Pending
595,595,775,2023-11-16 17:52:51.185460,PayPal,8.9,TXN-96469773,Completed
596,596,497,2024-01-02 17:06:26.185460,PayPal,3.68,TXN-73999739,Completed
597,597,502,2024-08-08 11:08:04.185460,Debit Card,-5.77,TXN-74471524,Refunded
598,598,55,2025-07-01 13:59:09.185460,Credit Card,12.45,TXN-41463449,Completed
599,599,696,2025-10-21 08:32:50.185460,Debit Card,3.82,TXN-84054169,Completed
600,600,79,2024-02-17 16:22:36.185460,Credit Card,19.82,TXN-45926836,Completed
601,601,503,2025-04-26 04:22:47.186453,PayPal,13.56,TXN-23265355,Completed
602,602,783,2024-05-14 19:09:58.186453,Bank Transfer,24.77,TXN-51636644,Completed
603,603,386,2025-07-16 01:06:01.186453,Credit Card,11.49,TXN-86122371,Completed
604,604,799,2025-10-12 08:37:42.186453,Debit Card,-22.12,TXN-47958563,Refunded
605,605,320,2025-05-30 21:10:25.186453,Bank Transfer,12.19,TXN-92355208,Completed
606,606,676,2025-07-28 18:21:24.186453,Debit Card,11.9,TXN-94224219,Completed
607,607,270,2025-06-10 20:37:12.186453,Credit Card,14.78,TXN-30011366,Completed
608,608,785,2024-10-25 16:36:21.186453,Bank Transfer,-8.01,TXN-66334691,Refunded
609,609,376,2025-10-16 17:34:11.186453,Gift Card,20.24,TXN-35960277,Completed
610,610,641,2024-04-01 14:05:19.186453,PayPal,9.51,TXN-67022224,Completed
611,611,422,2024-09-04 02:30:06.186453,Bank Transfer,1.41,TXN-36771968,Completed
612,612,320,2025-03-14 06:03:09.186453,Bank Transfer,22.76,TXN-85861963,Completed
613,613,174,2025-09-08 03:57:59.186453,Gift Card,13.46,TXN-73331235,Completed
614,614,433,2025-10-07 22:17:12.186453,PayPal,6.67,TXN-16147632,Completed
615,615,325,2023-12-04 21:58:00.186453,Gift Card,0.0,TXN-42368904,Failed
616,616,501,2024-12-21 18:13:21.186453,Debit Card,17.27,TXN-67824109,Completed
617,617,784,2025-04-18 02:50:09.186453,Credit Card,-4.17,TXN-23850251,Refunded
618,618,207,2025-01-13 01:50:22.186453,Debit Card,15.89,TXN-65127958,Completed
619,619,272,2025-08-29 19:33:32.186453,Gift Card,0.0,TXN-65346005,Failed
620,620,640,2024-04-11 00:25:50.186453,Credit Card,17.94,TXN-23772773,Completed
621,621,280,2024-04-05 11:37:08.186453,Gift Card,14.16,TXN-28216197,Completed
622,622,356,2024-05-20 21:45:50.186453,Debit Card,16.29,TXN-59778266,Completed
623,623,444,2025-01-10 20:41:40.186453,Credit Card,5.0,TXN-88852864,Completed
624,624,465,2024-10-01 05:55:11.186453,Bank Transfer,22.02,TXN-70376084,Completed
625,625,591,2024-02-10 20:16:22.186453,PayPal,0.0,TXN-41770612,Failed
626,626,546,2024-07-24 05:18:46.186453,PayPal,23.37,TXN-90305616,Completed
627,627,374,2024-02-17 12:53:16.186453,Debit Card,3.69,TXN-15928471,Completed
628,628,421,2025-06-15 04:08:07.186453,Bank Transfer,21.5,TXN-32419424,Completed
629,629,423,2025-09-14 15:59:14.186453,Credit Card,20.59,TXN-75706214,Completed
630,630,616,2024-01-24 09:13:16.186453,Gift Card,5.08,TXN-54391723,Pending
631,631,252,2025-07-25 09:36:29.186453,Bank Transfer,11.6,TXN-40780047,Completed
632,632,38,2024-04-21 23:11:20.186453,Credit Card,0.0,TXN-67325158,Failed
633,633,285,2025-06-30 14:00:25.186453,Gift Card,16.11,TXN-84663558,Completed
634,634,57,2025-10-01 21:22:44.186453,Credit Card,7.85,TXN-94182224,Completed
635,635,417,2025-01-18 12:45:11.186453,PayPal,16.79,TXN-35842902,Completed
636,636,742,2025-08-15 00:37:03.186453,Debit Card,5.9,TXN-16067200,Completed
637,637,535,2024-04-09 20:51:16.186453,Debit Card,12.41,TXN-36527418,Completed
638,638,792,2025-08-17 06:23:59.186453,Credit Card,8.23,TXN-98806672,Completed
639,639,762,2024-03-30 00:52:13.186453,Debit Card,23.39,TXN-14226637,Completed
640,640,220,2025-04-10 09:48:54.186453,Debit Card,10.99,TXN-59209911,Completed
641,641,547,2025-02-28 17:36:20.186453,Gift Card,17.49,TXN-30660064,Completed
642,642,487,2025-07-23 03:32:42.186453,Gift Card,24.08,TXN-60745863,Completed
643,643,377,2025-06-21 01:51:06.186453,Credit Card,0.53,TXN-81542030,Completed
644,644,679,2024-03-07 13:48:02.186453,Credit Card,17.27,TXN-21385328,Completed
645,645,394,2023-12-29 06:20:30.186453,Credit Card,7.99,TXN-30634593,Pending
646,646,702,2023-12-01 01:51:24.186453,Debit Card,13.37,TXN-32305534,Completed
647,647,403,2025-03-20 22:57:38.186453,Bank Transfer,7.52,TXN-81251601,Completed
648,648,165,2025-03-22 04:14:21.186453,Bank Transfer,0.0,TXN-54298465,Failed
649,649,281,2024-01-26 00:16:31.186453,Bank Transfer,0.0,TXN-81517618,Failed
650,650,341,2024-06-29 21:54:58.186453,Gift Card,21.92,TXN-67027276,Completed
651,651,519,2025-08-07 09:13:48.186453,PayPal,8.8,TXN-52376590,Completed
652,652,465,2024-03-08 19:07:33.186453,Credit Card,19.05,TXN-36342866,Completed
653,653,455,2024-01-30 15:42:30.186453,Bank Transfer,0.08,TXN-72393578,Completed
654,654,590,2025-04-27 16:11:32.186453,Credit Card,0.0,TXN-27015981,Failed
655,655,787,2025-03-04 20:16:03.186453,Bank Transfer,0.0,TXN-25188734,Failed
656,656,328,2023-12-16 00:07:44.186453,Bank Transfer,11.96,TXN-28148672,Completed
657,657,608,2025-07-02 05:34:37.186453,Bank Transfer,19.99,TXN-41111726,Completed
658,658,187,2025-04-26 11:59:42.186453,Credit Card,10.96,TXN-78238437,Pending
659,659,24,2024-04-13 06:53:41.186453,Credit Card,0.0,TXN-42412874,Failed
660,660,173,2024-07-29 07:50:57.186453,PayPal,10.03,TXN-80474490,Completed
661,661,92,2024-09-02 17:12:30.186453,PayPal,4.25,TXN-54570467,Completed
662,662,539,2024-04-14 10:47:43.186453,Credit Card,19.33,TXN-67407701,Completed
663,663,731,2024-08-07 21:04:35.186453,Debit Card,4.76,TXN-39596058,Completed
664,664,392,2025-02-15 04:35:01.186453,Bank Transfer,10.78,TXN-29840362,Completed
665,665,290,2025-04-16 17:13:10.186453,Gift Card,10.46,TXN-95074507,Completed
666,666,269,2024-09-27 09:45:15.186453,PayPal,15.44,TXN-71860844,Completed
667,667,663,2025-03-07 01:36:35.186453,PayPal,2.14,TXN-14021179,Completed
668,668,710,2024-07-22 10:13:05.186453,Credit Card,17.17,TXN-99238969,Completed
669,669,754,2023-11-20 01:06:19.187460,Credit Card,1.83,TXN-21225138,Completed
670,670,241,2024-04-28 12:55:44.187460,Bank Transfer,22.71,TXN-20880118,Completed
671,671,47,2024-03-04 17:17:13.187460,Gift Card,6.34,TXN-23188314,Completed
672,672,405,2024-02-23 01:11:54.187460,PayPal,3.31,TXN-17683639,Completed
673,673,267,2024-04-26 13:34:14.187460,Bank Transfer,6.29,TXN-13468355,Pending
674,674,325,2024-12-03 22:01:32.187460,PayPal,3.54,TXN-60874566,Completed
675,675,131,2025-07-22 03:39:44.187460,PayPal,21.79,TXN-49210089,Completed
676,676,290,2025-01-31 01:56:21.187460,Bank Transfer,15.32,TXN-29856655,Completed
677,677,169,2025-02-20 20:14:44.187460,Bank Transfer,18.42,TXN-73992105,Completed
678,678,674,2024-07-03 09:33:38.187460,Credit Card,1.33,TXN-30210136,Completed
679,679,37,2025-06-17 13:04:52.187460,Bank Transfer,6.51,TXN-93437116,Completed
680,680,507,2023-11-24 22:03:36.187460,Gift Card,5.52,TXN-72931255,Pending
681,681,505,2023-11-21 18:38:52.187460,Gift Card,21.15,TXN-13523397,Completed
682,682,209,2025-06-16 10:33:57.187460,Credit Card,4.52,TXN-98857117,Completed
683,683,577,2025-05-26 20:32:43.187460,Gift Card,14.59,TXN-56352382,Completed
684,684,185,2025-11-09 19:54:59.187460,PayPal,23.01,TXN-79241678,Completed
685,685,337,2025-03-07 20:55:56.187460,Gift Card,7.11,TXN-60696877,Completed
686,686,605,2023-12-20 10:37:35.187460,Gift Card,20.92,TXN-30035090,Completed
687,687,725,2025-06-14 14:01:00.187460,Debit Card,5.67,TXN-53169846,Pending
688,688,338,2025-02-11 17:26:01.187460,PayPal,16.4,TXN-51624456,Completed
689,689,752,2024-08-12 03:14:17.187460,Gift Card,2.64,TXN-15620119,Pending
690,690,57,2025-09-25 15:38:01.187460,Gift Card,13.68,TXN-17118468,Completed
691,691,262,2024-03-09 01:10:55.187460,Gift Card,6.0,TXN-90812831,Completed
692,692,214,2024-10-06 11:49:14.187460,Gift Card,0.0,TXN-92958783,Failed
693,693,670,2024-09-28 04:41:37.187460,Bank Transfer,3.02,TXN-95395354,Completed
694,694,318,2024-07-03 23:19:34.187460,Debit Card,-8.98,TXN-26880118,Refunded
695,695,502,2025-08-10 01:41:21.187460,Credit Card,22.14,TXN-26429653,Completed
696,696,434,2024-07-17 05:17:34.187460,Bank Transfer,0.0,TXN-26678492,Failed
697,697,646,2024-11-05 16:43:04.187460,Credit Card,0.0,TXN-45112407,Failed
698,698,693,2024-06-09 02:37:31.187460,Debit Card,16.19,TXN-83481208,Completed
699,699,540,2023-11-18 09:25:19.187460,Debit Card,0.0,TXN-79211163,Failed
700,700,490,2024-08-29 12:11:06.187460,Debit Card,3.72,TXN-80910084,Completed
701,701,536,2025-07-10 04:07:49.187460,PayPal,7.39,TXN-42511183,Completed
702,702,47,2025-09-26 19:00:25.187460,Debit Card,12.77,TXN-63698183,Completed
703,703,738,2024-09-20 11:37:40.187460,Debit Card,8.89,TXN-80024539,Completed
704,704,17,2024-03-30 12:05:27.187460,PayPal,18.51,TXN-64712677,Completed
705,705,403,2024-07-29 08:31:50.187460,Debit Card,2.08,TXN-66344563,Completed
706,706,742,2023-11-25 04:13:51.187460,PayPal,9.46,TXN-80910050,Pending
707,707,350,2024-08-10 16:21:20.187460,PayPal,5.28,TXN-43802725,Completed
708,708,690,2025-08-25 17:04:30.187460,Gift Card,10.84,TXN-49141287,Completed
709,709,14,2025-11-01 14:51:18.188456,Gift Card,0.0,TXN-31028161,Failed
710,710,763,2024-08-02 00:19:08.188456,PayPal,7.57,TXN-15679986,Completed
711,711,707,2024-02-23 01:56:03.188456,PayPal,20.12,TXN-55624728,Completed
712,712,196,2025-08-18 10:30:49.188456,PayPal,20.4,TXN-35725787,Completed
713,713,215,2023-12-08 08:12:54.188456,Credit Card,-16.22,TXN-99746613,Refunded
714,714,642,2024-01-22 06:15:54.188456,PayPal,2.15,TXN-65189205,Completed
715,715,23,2024-07-30 09:40:24.188456,Bank Transfer,2.08,TXN-87270408,Pending
716,716,483,2025-06-14 22:51:23.188456,Bank Transfer,-21.49,TXN-13018823,Refunded
717,717,584,2024-03-30 06:14:03.188456,Credit Card,0.64,TXN-59442025,Pending
718,718,731,2025-11-11 11:19:48.188456,Bank Transfer,24.49,TXN-79625031,Completed
719,719,568,2024-06-26 17:59:58.188456,PayPal,0.93,TXN-28019246,Completed
720,720,743,2024-10-05 21:22:10.188456,Credit Card,5.8,TXN-55624499,Completed
721,721,591,2025-09-17 19:49:58.188456,Credit Card,13.83,TXN-49107858,Completed
722,722,485,2025-02-13 15:27:50.188456,Debit Card,12.37,TXN-57655811,Completed
723,723,447,2024-01-27 02:26:33.188456,PayPal,4.03,TXN-88802121,Completed
724,724,238,2025-05-06 21:59:00.188456,Credit Card,14.69,TXN-62978421,Completed
725,725,733,2023-12-15 02:43:11.188456,Credit Card,3.28,TXN-22087330,Completed
726,726,690,2025-01-22 00:51:18.188456,Gift Card,19.9,TXN-80626900,Completed
727,727,708,2025-06-01 16:25:38.188456,Bank Transfer,16.68,TXN-16486787,Completed
728,728,621,2025-07-06 08:45:31.188456,Debit Card,2.52,TXN-89633754,Completed
729,729,215,2024-09-19 21:05:31.188456,Debit Card,24.98,TXN-76113110,Completed
730,730,163,2024-11-15 05:34:20.188456,PayPal,20.7,TXN-40295304,Completed
731,731,346,2024-06-20 13:54:14.188456,Credit Card,2.85,TXN-20313372,Completed
732,732,499,2025-03-31 10:40:26.188456,Bank Transfer,-24.84,TXN-76661435,Refunded
733,733,571,2024-11-18 13:22:07.188456,Gift Card,11.21,TXN-22791995,Pending
734,734,107,2023-12-12 20:18:12.188456,Gift Card,23.17,TXN-84161981,Completed
735,735,774,2024-08-26 22:25:27.188456,Credit Card,24.37,TXN-11432363,Completed
736,736,105,2024-02-28 16:52:16.188456,Credit Card,0.0,TXN-13945762,Failed
737,737,211,2025-05-28 16:07:59.188456,Gift Card,3.93,TXN-25034348,Completed
738,738,511,2025-01-22 22:59:34.188456,Bank Transfer,3.86,TXN-11760963,Completed
739,739,126,2024-11-10 02:53:07.188456,PayPal,10.98,TXN-73387410,Completed
740,740,486,2024-09-18 14:49:41.188456,PayPal,7.17,TXN-48070748,Completed
741,741,733,2025-05-27 11:57:53.188456,Credit Card,4.51,TXN-65768929,Pending
742,742,772,2024-01-08 06:07:53.188456,Debit Card,0.0,TXN-62581326,Failed
743,743,420,2025-06-27 23:27:18.188456,Debit Card,23.8,TXN-17777252,Completed
744,744,454,2024-06-08 01:53:46.188456,Credit Card,19.25,TXN-26532086,Completed
745,745,323,2024-06-08 12:32:04.188456,Bank Transfer,0.0,TXN-48498499,Failed
746,746,778,2025-05-31 23:15:50.188456,Debit Card,16.5,TXN-41051205,Completed
747,747,60,2024-01-31 09:34:19.188456,PayPal,10.48,TXN-13540146,Completed
748,748,739,2023-12-20 18:54:42.188456,Debit Card,22.73,TXN-32897636,Completed
749,749,626,2025-11-07 04:52:53.188456,Debit Card,8.76,TXN-91412223,Pending
750,750,558,2024-08-15 15:37:30.188456,Credit Card,17.44,TXN-42231365,Completed
751,751,309,2024-01-22 00:20:25.188456,PayPal,0.92,TXN-66139112,Completed
752,752,758,2024-12-09 00:52:07.188456,Credit Card,13.01,TXN-49453084,Completed
753,753,524,2024-05-14 04:43:50.188456,Gift Card,13.03,TXN-15751690,Completed
754,754,553,2024-02-08 09:14:29.188456,Credit Card,3.02,TXN-55297384,Pending
755,755,114,2025-01-09 23:40:34.188456,Gift Card,21.04,TXN-68434539,Completed
756,756,127,2025-02-26 16:14:24.188456,Credit Card,-18.91,TXN-79704534,Refunded
757,757,755,2025-07-09 22:43:48.188456,Debit Card,11.33,TXN-67246006,Completed
758,758,643,2025-03-17 17:53:34.188456,Credit Card,4.38,TXN-35895776,Pending
759,759,732,2025-01-26 18:12:51.188456,Bank Transfer,0.0,TXN-37270654,Failed
760,760,597,2025-03-09 11:14:12.188456,Bank Transfer,20.57,TXN-21862128,Completed
761,761,729,2024-11-09 22:31:37.188456,Gift Card,10.36,TXN-30668431,Pending
762,762,134,2025-08-23 11:42:33.188456,PayPal,5.37,TXN-38568706,Completed
763,763,413,2025-08-28 01:37:20.188456,Debit Card,21.8,TXN-44094915,Completed
764,764,451,2024-03-27 20:54:22.188456,Credit Card,0.0,TXN-67685899,Failed
765,765,131,2024-09-15 09:08:20.188456,Gift Card,17.78,TXN-86778111,Completed
766,766,121,2025-07-09 20:23:00.188456,Gift Card,11.39,TXN-66971876,Completed
767,767,379,2025-10-17 09:21:27.188456,Debit Card,7.52,TXN-93373189,Pending
768,768,586,2024-09-26 11:03:03.188456,PayPal,1.01,TXN-48976938,Completed
769,769,384,2025-06-11 10:46:52.188456,Credit Card,7.35,TXN-42494127,Completed
770,770,604,2025-10-21 09:51:58.188456,Credit Card,1.22,TXN-80841442,Completed
771,771,758,2025-01-07 04:44:48.188456,PayPal,-0.05,TXN-50055973,Refunded
772,772,46,2024-05-08 02:22:26.188456,Bank Transfer,12.03,TXN-80948559,Completed
773,773,346,2024-12-31 18:28:09.188456,Debit Card,11.88,TXN-41373052,Completed
774,774,517,2024-03-08 10:13:57.188456,Credit Card,19.04,TXN-17167272,Completed
775,775,746,2024-01-02 22:43:03.188456,Gift Card,2.23,TXN-12423190,Completed
776,776,239,2024-02-13 16:21:49.188456,Bank Transfer,8.47,TXN-59424714,Completed
777,777,662,2025-10-02 22:56:07.189481,Credit Card,-21.65,TXN-48835846,Refunded
778,778,791,2023-11-22 14:09:53.189481,Credit Card,14.03,TXN-70815117,Completed
779,779,198,2025-07-14 15:37:25.189481,Debit Card,-23.93,TXN-64070291,Refunded
780,780,515,2024-06-03 08:10:20.189481,Bank Transfer,1.5,TXN-93721739,Pending
781,781,282,2024-05-22 08:31:25.189481,Bank Transfer,0.0,TXN-86868540,Failed
782,782,547,2023-11-27 17:58:01.189481,PayPal,5.02,TXN-84181946,Pending
783,783,24,2025-10-02 21:10:26.189481,Gift Card,10.93,TXN-22033247,Completed
784,784,325,2024-09-18 14:11:31.189481,Debit Card,0.0,TXN-81841998,Failed
785,785,293,2025-07-24 11:27:05.189481,Gift Card,2.29,TXN-95466762,Pending
786,786,418,2025-08-16 09:27:10.189481,Debit Card,-1.47,TXN-54339337,Refunded
787,787,60,2024-12-18 08:27:40.189481,Credit Card,9.75,TXN-77167702,Completed
788,788,332,2024-12-26 09:52:52.189481,Bank Transfer,0.0,TXN-36098769,Failed
789,789,771,2025-07-15 13:10:45.189481,Credit Card,-12.32,TXN-34824185,Refunded
790,790,276,2024-06-17 01:02:55.189481,PayPal,3.98,TXN-28963920,Pending
791,791,30,2024-04-30 00:14:48.189481,Gift Card,7.92,TXN-85687408,Pending
792,792,601,2025-10-26 05:16:05.189481,Gift Card,6.16,TXN-93512668,Completed
793,793,312,2024-04-28 15:20:44.189481,Gift Card,11.15,TXN-30803857,Completed
794,794,146,2024-02-01 20:50:52.189481,Gift Card,13.51,TXN-66063235,Completed
795,795,434,2025-05-26 06:08:31.189481,Gift Card,-1.04,TXN-33342425,Refunded
796,796,172,2024-07-28 16:28:04.189481,Bank Transfer,1.5,TXN-40616453,Completed
797,797,697,2024-07-10 05:07:02.189481,PayPal,24.98,TXN-99945548,Completed
798,798,523,2024-02-08 07:19:18.189481,Debit Card,1.14,TXN-79821206,Completed
799,799,92,2024-05-20 18:34:00.189481,Credit Card,17.46,TXN-48211978,Completed
800,800,443,2025-06-25 18:48:26.189481,Gift Card,7.63,TXN-99064587,Pending
801,801,771,2024-12-25 02:35:35.189481,Bank Transfer,6.83,TXN-91873755,Completed
802,802,471,2024-01-06 03:21:27.189481,Bank Transfer,0.4,TXN-29762536,Completed
803,803,3,2023-12-09 10:11:57.189481,Bank Transfer,0.11,TXN-29677965,Completed
804,804,714,2025-11-07 08:44:59.189481,Credit Card,19.06,TXN-83902153,Completed
805,805,665,2024-05-15 12:06:48.189481,PayPal,13.47,TXN-64616541,Completed
806,806,362,2023-12-28 22:51:34.189481,Credit Card,20.69,TXN-85402722,Completed
807,807,787,2024-11-16 00:59:12.189481,Credit Card,3.12,TXN-29557879,Completed
808,808,227,2024-11-04 08:02:29.189481,PayPal,9.48,TXN-86706373,Pending
809,809,629,2023-12-19 02:02:24.189481,PayPal,20.21,TXN-35775293,Completed
810,810,372,2025-04-05 06:32:20.189481,Bank Transfer,3.51,TXN-29992004,Pending
811,811,201,2023-11-26 17:00:11.189481,Bank Transfer,2.77,TXN-46493995,Completed
812,812,175,2025-02-02 18:20:51.189481,Credit Card,16.5,TXN-32044652,Completed
813,813,67,2024-04-14 17:06:52.189481,Credit Card,18.65,TXN-10874204,Completed
814,814,234,2025-07-11 05:36:55.189481,Gift Card,4.8,TXN-90583309,Completed
815,815,710,2023-12-24 14:13:34.189481,Credit Card,17.02,TXN-17402229,Completed
816,816,657,2024-08-10 14:59:48.189481,Bank Transfer,21.35,TXN-37119856,Completed
817,817,417,2024-12-23 23:19:10.189481,Debit Card,3.04,TXN-92126467,Completed
818,818,530,2024-06-01 22:04:48.189481,Credit Card,22.1,TXN-18888224,Completed
819,819,431,2025-03-30 13:21:29.189481,Bank Transfer,7.91,TXN-97011366,Completed
820,820,586,2024-10-11 07:58:57.189481,Bank Transfer,24.76,TXN-19819744,Completed
821,821,256,2025-03-29 23:38:14.189481,Credit Card,0.0,TXN-70819005,Failed
822,822,100,2025-01-01 12:46:47.189481,Bank Transfer,12.0,TXN-36293187,Completed
823,823,343,2025-10-23 17:29:40.189481,Gift Card,0.0,TXN-94151519,Failed
824,824,56,2024-07-23 06:23:22.189481,PayPal,12.99,TXN-39596454,Completed
825,825,635,2025-03-19 12:24:48.189481,Credit Card,19.1,TXN-76473852,Completed
826,826,88,2024-02-16 22:48:47.189481,PayPal,22.92,TXN-62443962,Completed
827,827,711,2024-10-29 03:39:42.189481,Gift Card,19.57,TXN-28754310,Completed
828,828,626,2025-09-14 22:58:41.189481,Debit Card,1.64,TXN-90035643,Completed
829,829,302,2023-12-22 13:02:12.189481,Bank Transfer,10.04,TXN-22357361,Completed
830,830,614,2024-02-24 00:06:00.189481,Gift Card,11.34,TXN-61603116,Completed
831,831,635,2024-07-27 23:28:52.189481,Bank Transfer,0.0,TXN-90771986,Failed
832,832,337,2023-12-26 14:07:20.189481,Credit Card,2.7,TXN-63321871,Completed
833,833,608,2025-11-06 17:23:54.189481,Bank Transfer,0.0,TXN-45272295,Failed
834,834,364,2025-07-08 15:51:44.189481,Debit Card,12.03,TXN-37201429,Completed
835,835,141,2024-02-17 22:52:47.189481,Debit Card,1.51,TXN-52171230,Completed
836,836,668,2024-12-30 17:47:10.189481,Debit Card,7.78,TXN-56270369,Completed
837,837,317,2024-05-12 09:45:57.189481,Credit Card,0.0,TXN-72705554,Failed
838,838,695,2025-11-05 20:13:11.189481,Gift Card,1.43,TXN-11428262,Completed
839,839,433,2024-06-13 18:41:56.189481,Credit Card,4.89,TXN-20548786,Completed
840,840,71,2025-04-22 15:44:46.189481,Gift Card,4.73,TXN-25115604,Completed
841,841,340,2024-07-17 22:03:01.189481,Debit Card,15.4,TXN-78893211,Completed
842,842,466,2024-09-14 03:06:12.189481,Debit Card,-12.4,TXN-72777350,Refunded
843,843,236,2025-11-14 15:48:40.189481,PayPal,15.6,TXN-60463330,Completed
844,844,340,2025-03-15 21:33:52.189481,Gift Card,5.13,TXN-19977213,Completed
845,845,76,2025-05-14 14:49:23.189481,PayPal,0.0,TXN-51218029,Failed
846,846,200,2025-07-20 09:53:00.189481,Debit Card,1.1,TXN-87686096,Completed
847,847,179,2025-10-16 07:49:05.189481,Gift Card,22.13,TXN-49462227,Completed
848,848,252,2025-05-20 02:41:44.189481,Gift Card,4.9,TXN-46962459,Completed
849,849,22,2025-05-18 05:32:11.189481,Debit Card,9.47,TXN-70631334,Completed
850,850,313,2025-07-26 02:44:52.189481,Credit Card,6.0,TXN-63466917,Completed
851,851,639,2024-10-29 08:49:44.190462,Debit Card,21.96,TXN-72170333,Completed
852,852,134,2025-09-12 10:45:13.190462,Bank Transfer,4.79,TXN-32859720,Completed
853,853,440,2024-10-23 01:26:30.190462,Credit Card,0.0,TXN-31673067,Failed
854,854,549,2024-02-25 17:41:03.190462,Bank Transfer,19.74,TXN-81973450,Completed
855,855,287,2024-12-14 06:04:07.190462,Debit Card,10.64,TXN-45044029,Pending
856,856,84,2024-03-28 21:15:52.190462,Debit Card,19.77,TXN-86842305,Completed
857,857,398,2024-02-29 12:42:21.190462,Gift Card,12.46,TXN-91402258,Completed
858,858,383,2024-07-30 08:33:03.190462,Debit Card,17.89,TXN-82391660,Completed
859,859,411,2024-06-25 21:49:08.190462,Bank Transfer,5.18,TXN-33785610,Completed
860,860,406,2025-04-22 22:36:29.190462,Gift Card,7.65,TXN-13913380,Completed
861,861,384,2024-10-27 18:15:54.190462,Gift Card,13.76,TXN-13076093,Completed
862,862,532,2025-07-05 12:00:31.190462,Bank Transfer,5.75,TXN-83094754,Completed
863,863,345,2025-10-05 22:07:43.190462,Gift Card,11.28,TXN-25971233,Completed
864,864,510,2024-09-03 00:10:42.190462,Credit Card,6.83,TXN-64044021,Completed
865,865,272,2025-10-23 08:31:48.190462,Debit Card,0.0,TXN-64369546,Failed
866,866,526,2025-08-23 04:20:41.190462,Credit Card,19.65,TXN-59001054,Completed
867,867,369,2025-03-29 11:29:06.190462,Bank Transfer,6.83,TXN-29277622,Pending
868,868,257,2024-12-09 07:54:30.190462,Debit Card,18.63,TXN-40052451,Completed
869,869,619,2023-12-18 05:04:30.190462,Debit Card,24.96,TXN-21568108,Completed
870,870,307,2024-05-12 05:33:37.190462,PayPal,-20.56,TXN-11990737,Refunded
871,871,776,2024-10-01 00:17:41.190462,Gift Card,5.9,TXN-24079562,Pending
872,872,234,2024-06-11 09:37:58.190462,Bank Transfer,18.08,TXN-30178362,Completed
873,873,602,2025-04-17 21:47:39.190462,Debit Card,18.06,TXN-19764779,Completed
874,874,321,2024-07-31 02:39:54.190462,PayPal,-10.72,TXN-86217823,Refunded
875,875,461,2023-12-03 23:51:37.190462,Bank Transfer,9.37,TXN-15292851,Completed
876,876,756,2024-04-06 10:23:42.190462,PayPal,12.5,TXN-41570584,Completed
877,877,430,2024-01-14 02:09:18.190462,Bank Transfer,17.14,TXN-48762628,Completed
878,878,602,2024-09-26 19:29:40.190462,Debit Card,7.09,TXN-27028750,Pending
879,879,339,2025-10-13 10:00:08.190462,PayPal,0.0,TXN-14551461,Failed
880,880,396,2025-04-24 00:50:43.190462,Debit Card,-11.87,TXN-98894223,Refunded
881,881,655,2024-12-15 18:19:57.190462,Bank Transfer,1.17,TXN-43657954,Pending
882,882,706,2025-08-01 18:56:14.190462,Debit Card,0.67,TXN-50015306,Completed
883,883,396,2025-04-27 12:32:16.190462,Bank Transfer,0.0,TXN-78747076,Failed
884,884,59,2025-01-19 19:58:31.190462,Credit Card,12.96,TXN-48059575,Completed
885,885,421,2025-05-28 03:10:14.190462,Bank Transfer,3.93,TXN-78120181,Completed
886,886,490,2025-07-24 10:21:58.190462,Gift Card,9.72,TXN-22303163,Completed
887,887,318,2025-04-18 10:20:14.190462,Debit Card,20.45,TXN-83010270,Completed
888,888,589,2024-01-06 21:46:54.190462,Gift Card,14.69,TXN-36305164,Completed
889,889,8,2024-06-22 22:21:28.190462,Debit Card,11.14,TXN-13518905,Completed
890,890,539,2024-10-04 17:02:46.190462,PayPal,0.0,TXN-61062905,Failed
891,891,41,2024-07-03 22:18:45.190462,Credit Card,3.6,TXN-94264437,Pending
892,892,729,2024-08-07 02:26:31.190462,Gift Card,9.78,TXN-91930786,Completed
893,893,633,2025-05-21 23:57:23.190462,Bank Transfer,11.45,TXN-30121529,Completed
894,894,98,2024-01-14 08:23:20.190462,Gift Card,0.0,TXN-77888064,Failed
895,895,162,2025-10-02 06:20:27.190462,Debit Card,22.06,TXN-52965279,Completed
896,896,69,2024-05-14 04:26:26.190462,Gift Card,22.72,TXN-15124422,Completed
897,897,378,2024-09-22 18:56:25.190462,PayPal,9.44,TXN-80382000,Pending
898,898,169,2024-06-21 03:11:53.190462,Debit Card,5.18,TXN-93912944,Completed
899,899,655,2025-10-01 22:14:27.190462,Credit Card,4.76,TXN-46148486,Pending
900,900,11,2024-10-07 07:59:24.190462,PayPal,0.0,TXN-62365641,Failed
